sector;concurb_name;participation
Agriculture;ABAETETUBA;0,013107757963725042
Agriculture;ACAILANDIA;0,21016725352112675
Agriculture;ALAGOINHAS;0,1864822020464044
Agriculture;AMERICANA - SANTA BARBARA D'OESTE;0,003138612676898825
Agriculture;ANAPOLIS;0,009288227202454136
Agriculture;ANGRA DOS REIS;0,004421124228732449
Agriculture;APUCARANA;0,015490126522407473
Agriculture;ARACAJU;0,020289545423971576
Agriculture;ARACATUBA;0,03365436407902958
Agriculture;ARAGUAINA;0,03917253521126761
Agriculture;ARAGUARI;0,08643109199013874
Agriculture;ARAPIRACA;0,03188818525874021
Agriculture;ARAPONGAS;0,026890008894159503
Agriculture;ARARAQUARA;0,06015178370821579
Agriculture;ARARAS;0,0811351696917475
Agriculture;ARARUAMA;0,017857142857142856
Agriculture;ATIBAIA;0,05764949719812697
Agriculture;BACABAL;0,05470170219798381
Agriculture;BAGE;0,09054292877399203
Agriculture;BAIXADA SANTISTA;0,0023494653911086097
Agriculture;BARBACENA;0,05858181818181818
Agriculture;BARREIRAS;0,1394285251740327
Agriculture;BARRETOS;0,07072623770915991
Agriculture;BAURU;0,012803607129184567
Agriculture;BELEM;0,007708548351869536
Agriculture;BELO HORIZONTE;0,004060332859929704
Agriculture;BENTO GONCALVES;0,009802691426958185
Agriculture;BIRIGUI;0,06709804119039227
Agriculture;BLUMENAU;0,001759917450126118
Agriculture;BOA VISTA;0,005456363376660477
Agriculture;BOTUCATU;0,07689033150641196
Agriculture;BRAGANCA;0,018595825426944972
Agriculture;BRAGANCA PAULISTA;0,04074724820422717
Agriculture;BRASILIA;0,007784345562268738
Agriculture;BRUSQUE;0,0012036410140675543
Agriculture;CABO FRIO;0,007615303290603938
Agriculture;CACHOEIRO DE ITAPEMIRIM;0,011929274843330348
Agriculture;CAMPINA GRANDE;0,00611717370200124
Agriculture;CAMPINAS;0,005755868390360892
Agriculture;CAMPO GRANDE;0,01882360372524171
Agriculture;CAMPOS DOS GOYTACAZES;0,024110133229088525
Agriculture;CARAGUATATUBA - UBATUBA - SAO SEBASTIAO;0,003327929004181244
Agriculture;CARUARU;0,00724761546613791
Agriculture;CASCAVEL;0,03534287101545827
Agriculture;CASTANHAL;0,028280582288156202
Agriculture;CATALAO;0,05893978655189073
Agriculture;CATANDUVA;0,05003211762186854
Agriculture;CAXIAS;0,017798673495088575
Agriculture;CAXIAS DO SUL;0,015192521542203423
Agriculture;CHAPECO;0,019044094622676422
Agriculture;CODO;0,05423025633427175
Agriculture;COLATINA;0,019261637239165328
Agriculture;CONSELHEIRO LAFAIETE;0,012652803004020326
Agriculture;CRICIUMA;0,003227502674475531
Agriculture;CUIABA;0,010641887914864897
Agriculture;CURITIBA;0,004093999256106129
Agriculture;DIVINOPOLIS;0,0222711475827435
Agriculture;DOURADOS;0,04194191045402118
Agriculture;EUNAPOLIS;0,14197689345314507
Agriculture;FEIRA DE SANTANA;0,010808053587927318
Agriculture;FLORIANOPOLIS;0,005153764690157209
Agriculture;FORMOSA;0,11252399232245681
Agriculture;FORTALEZA;0,004815070551450601
Agriculture;FRANCA;0,041267888068544346
Agriculture;GARANHUNS;0,01916992369253676
Agriculture;GOIANIA;0,007319502050975053
Agriculture;GOVERNADOR VALADARES;0,01836543856368057
Agriculture;GUARAPARI;0,019127466238264973
Agriculture;GUARAPUAVA;0,1007641141223682
Agriculture;GUARATINGUETA;0,02594390507011866
Agriculture;ILHEUS;0,06274140673179915
Agriculture;IMPERATRIZ;0,05378607174594266
Agriculture;INDAIATUBA;0,006927997164354649
Agriculture;INTERNACIONAL DE CORUMBA;0,11140146565926262
Agriculture;INTERNACIONAL DE FOZ DO IGUACU;0,005051067780872795
Agriculture;INTERNACIONAL DE PEDRO JUAN CABALLERO;0,11909774436090226
Agriculture;INTERNACIONAL DE SANT'ANA DO LIVRAMENTO;0,10186142709410548
Agriculture;INTERNACIONAL DE URUGUAIANA;0,15132516386434883
Agriculture;IPATINGA;0,030069330840539067
Agriculture;ITABIRA;0,0227111426543648
Agriculture;ITABUNA;0,036839516400445284
Agriculture;ITAJAI - BALNEARIO CAMBORIU;0,01925370947826633
Agriculture;ITAJUBA;0,026893869235043527
Agriculture;ITAPETININGA;0,19475878499106614
Agriculture;ITAPIPOCA;0,03442990213418229
Agriculture;ITATIBA;0,016940651992198383
Agriculture;ITU - SALTO;0,018822301691334614
Agriculture;JARAGUA DO SUL;0,007206011872762419
Agriculture;JAU;0,03073191468080318
Agriculture;JEQUIE;0,01993114694691067
Agriculture;JI-PARANA;0,027786422442537678
Agriculture;JOAO PESSOA;0,014318646507832596
Agriculture;JOINVILLE;0,003756731905950348
Agriculture;JUAZEIRO DO NORTE;0,002702275600505689
Agriculture;JUIZ DE FORA;0,013182151423914358
Agriculture;JUNDIAI;0,008973282891562356
Agriculture;LAGES;0,0535138279308339
Agriculture;LAJEADO;0,015102323715025718
Agriculture;LAVRAS;0,04542764131399823
Agriculture;LIMEIRA;0,011277578485850273
Agriculture;LINHARES;0,12588338053518963
Agriculture;LONDRINA;0,020043128756418605
Agriculture;MACAE - RIO DAS OSTRAS;0,006587976942080703
Agriculture;MACAPA;0,0029355719215120772
Agriculture;MACEIO;0,005740074693824339
Agriculture;MANAUS;0,002258289873438287
Agriculture;MARABA;0,03217151754701162
Agriculture;MARILIA;0,02919072725751109
Agriculture;MARINGA;0,010565772235431122
Agriculture;MOGI GUACU - MOGI MIRIM;0,07004050297068827
Agriculture;MONTES CLAROS;0,027915795883907933
Agriculture;MOSSORO;0,04699533714046209
Agriculture;MURIAE;0,031650525448176384
Agriculture;NATAL;0,0047556376425308845
Agriculture;NOVA FRIBURGO;0,004761999641355675
Agriculture;OURINHOS;0,0775496415299726
Agriculture;PALMAS;0,002241596229156699
Agriculture;PARANAGUA;0,001715214251324025
Agriculture;PARAUAPEBAS;0,0051801209571391005
Agriculture;PARINTINS;0,0022146759190905065
Agriculture;PARNAIBA;0,016536518144235186
Agriculture;PASSO FUNDO;0,01824589325299835
Agriculture;PASSOS;0,04520907267397006
Agriculture;PATOS;0,006885758998435055
Agriculture;PATOS DE MINAS;0,10701915391219397
Agriculture;PAULO AFONSO;0,01185360794191732
Agriculture;PELOTAS;0,021603763323906896
Agriculture;PETROLINA;0,18327582962173014
Agriculture;PETROPOLIS;0,009347490697885472
Agriculture;PIRACICABA;0,012790234027543479
Agriculture;POCOS DE CALDAS;0,02595786090931722
Agriculture;PONTA GROSSA;0,03998837547224644
Agriculture;PORTO ALEGRE;0,0029102870332645887
Agriculture;PORTO SEGURO;0,034467922363514675
Agriculture;PORTO VELHO;0,007403253549302002
Agriculture;POUSO ALEGRE;0,02117940199335548
Agriculture;PRESIDENTE PRUDENTE;0,02753058608286557
Agriculture;RECIFE;0,009926934081983899
Agriculture;RESENDE;0,012510492026060194
Agriculture;RIBEIRAO PRETO;0,014997842987066726
Agriculture;RIO BRANCO;0,019099039348373526
Agriculture;RIO CLARO;0,021427944146834108
Agriculture;RIO DE JANEIRO;0,0009367700671892426
Agriculture;RIO GRANDE;0,02478861931404772
Agriculture;RIO VERDE;0,1181208619744444
Agriculture;RONDONOPOLIS;0,06963312078366139
Agriculture;SALVADOR;0,0022679696192374347
Agriculture;SANTA CRUZ DO SUL;0,01775306654961348
Agriculture;SANTA MARIA;0,010724759111855886
Agriculture;SANTAREM;0,0225748502994012
Agriculture;SAO BENTO DO SUL - RIO NEGRINHO;0,020696443297597827
Agriculture;SAO CARLOS;0,03870536311354822
Agriculture;SAO JOAO DEL REI;0,030869402285928424
Agriculture;SAO JOSE DO RIO PRETO;0,018185900314324203
Agriculture;SAO JOSE DOS CAMPOS;0,014687112466570186
Agriculture;SAO LUIS;0,002300873571821169
Agriculture;SAO MATEUS;0,16037643368297225
Agriculture;SAO PAULO;0,0014989440687878145
Agriculture;SAO ROQUE - MAIRINQUE;0,029277044049164057
Agriculture;SERTAOZINHO;0,019149939955395438
Agriculture;SETE LAGOAS;0,02431291523431238
Agriculture;SINOP;0,041389882473173226
Agriculture;SOBRAL;0,0018640830322417324
Agriculture;SOROCABA;0,005152976009717583
Agriculture;TAQUARA - PAROBE - IGREJINHA;0,002324945295404814
Agriculture;TATUI;0,06625479335321688
Agriculture;TEIXEIRA DE FREITAS;0,13503744992161645
Agriculture;TEOFILO OTONI;0,04624178824332395
Agriculture;TERESINA;0,006627356404072574
Agriculture;TERESOPOLIS;0,032389162561576354
Agriculture;TOLEDO;0,029673215818980754
Agriculture;TRAMANDAI - OSORIO;0,00811369000786782
Agriculture;TRES LAGOAS;0,1235428772671245
Agriculture;TRES RIOS - PARAIBA DO SUL;0,035810652275926794
Agriculture;TUBARAO - LAGUNA;0,011014726649182972
Agriculture;UBA;0,01158860453887011
Agriculture;UBERABA;0,05045316111987671
Agriculture;UBERLANDIA;0,02949887906441425
Agriculture;UMUARAMA;0,031824195207996474
Agriculture;VARGINHA;0,03290804628705527
Agriculture;VITORIA;0,0039189906209522625
Agriculture;VITORIA DA CONQUISTA;0,02547702992399412
Agriculture;VITORIA DE SANTO ANTAO;0,024986550301871004
Agriculture;VOLTA REDONDA - BARRA MANSA;0,0058182718494676905
Business;ABAETETUBA;0,015698826398414877
Business;ACAILANDIA;0,03667840375586855
Business;ALAGOINHAS;0,035259643560551474
Business;AMERICANA - SANTA BARBARA D'OESTE;0,10384867101568603
Business;ANAPOLIS;0,04611245693695448
Business;ANGRA DOS REIS;0,08186367390565029
Business;APUCARANA;0,04573134681329077
Business;ARACAJU;0,11596060789503879
Business;ARACATUBA;0,0922801801219486
Business;ARAGUAINA;0,04645486555697823
Business;ARAGUARI;0,029680475661043166
Business;ARAPIRACA;0,02529321392438266
Business;ARAPONGAS;0,0391343018084791
Business;ARARAQUARA;0,0998327383478543
Business;ARARAS;0,048947938961002864
Business;ARARUAMA;0,07509920634920635
Business;ATIBAIA;0,05749596990865126
Business;BACABAL;0,03189555445380929
Business;BAGE;0,03378406148534791
Business;BAIXADA SANTISTA;0,1514518851997749
Business;BARBACENA;0,03970909090909091
Business;BARREIRAS;0,09365387728670876
Business;BARRETOS;0,03598412972227014
Business;BAURU;0,17279339827300183
Business;BELEM;0,11853606101744274
Business;BELO HORIZONTE;0,17965241590337877
Business;BENTO GONCALVES;0,059945418614134695
Business;BIRIGUI;0,031169746714336068
Business;BLUMENAU;0,08969846365512497
Business;BOA VISTA;0,09230109984287958
Business;BOTUCATU;0,06531687330388974
Business;BRAGANCA;0,01461100569259962
Business;BRAGANCA PAULISTA;0,07679189705958349
Business;BRASILIA;0,1455178457972971
Business;BRUSQUE;0,0329308658692545
Business;CABO FRIO;0,10248447204968943
Business;CACHOEIRO DE ITAPEMIRIM;0,05165622202327663
Business;CAMETA;0,0029013539651837525
Business;CAMPINA GRANDE;0,08895048949085932
Business;CAMPINAS;0,15361302298076449
Business;CAMPO GRANDE;0,11634866304249128
Business;CAMPOS DOS GOYTACAZES;0,06251518769347801
Business;CARAGUATATUBA - UBATUBA - SAO SEBASTIAO;0,09924054953494325
Business;CARUARU;0,09266349868380568
Business;CASCAVEL;0,08450672417881461
Business;CASTANHAL;0,024180940138276066
Business;CATALAO;0,05858843163950986
Business;CATANDUVA;0,06473485118835201
Business;CAXIAS;0,017882629502140878
Business;CAXIAS DO SUL;0,05713952035909596
Business;CHAPECO;0,06584303566853597
Business;CODO;0,023855385983108608
Business;COLATINA;0,06848582129481005
Business;CONSELHEIRO LAFAIETE;0,07950858145752128
Business;CRICIUMA;0,060071440227738394
Business;CUIABA;0,10045832319633341
Business;CURITIBA;0,14797116722458709
Business;DIVINOPOLIS;0,08095125457158973
Business;DOURADOS;0,07652301562336164
Business;EUNAPOLIS;0,03969191270860077
Business;FEIRA DE SANTANA;0,06170118570988605
Business;FLORIANOPOLIS;0,2026907535549409
Business;FORMOSA;0,022232885476647472
Business;FORTALEZA;0,16471945733535512
Business;FRANCA;0,05522513900282563
Business;GARANHUNS;0,046218748061294126
Business;GOIANIA;0,13930056821510162
Business;GOVERNADOR VALADARES;0,0732186272676267
Business;GUARAPARI;0,15482704955068025
Business;GUARAPUAVA;0,03837062283546809
Business;GUARATINGUETA;0,051051779935275085
Business;ILHEUS;0,04920640072706028
Business;IMPERATRIZ;0,051237079650156676
Business;INDAIATUBA;0,09032174907760968
Business;INTERNACIONAL DE CORUMBA;0,05226381866727262
Business;INTERNACIONAL DE FOZ DO IGUACU;0,08228412256267409
Business;INTERNACIONAL DE PEDRO JUAN CABALLERO;0,0324812030075188
Business;INTERNACIONAL DE SANT'ANA DO LIVRAMENTO;0,04403653912443985
Business;INTERNACIONAL DE URUGUAIANA;0,10074095183813052
Business;IPATINGA;0,07026563838903171
Business;ITABIRA;0,082583392476934
Business;ITABUNA;0,07512879591995236
Business;ITAJAI - BALNEARIO CAMBORIU;0,12230291107716133
Business;ITAJUBA;0,06290053713650676
Business;ITAPETININGA;0,06733174508636093
Business;ITAPIPOCA;0,01580002358212475
Business;ITATIBA;0,14162719420451378
Business;ITU - SALTO;0,09114626417399493
Business;JARAGUA DO SUL;0,07948345476797784
Business;JAU;0,031056987822260008
Business;JEQUIE;0,045932234100380505
Business;JI-PARANA;0,04814831280842929
Business;JOAO PESSOA;0,0721982457718883
Business;JOINVILLE;0,126530933928806
Business;JUAZEIRO DO NORTE;0,034007585335018964
Business;JUIZ DE FORA;0,12016968816951734
Business;JUNDIAI;0,12919418865384538
Business;LAGES;0,08119612923695203
Business;LAJEADO;0,045653522051581366
Business;LAVRAS;0,05637762651672092
Business;LIMEIRA;0,05275374551593163
Business;LINHARES;0,035599904714009686
Business;LONDRINA;0,1200933032997769
Business;MACAE - RIO DAS OSTRAS;0,14282185012352455
Business;MACAPA;0,09030231240665396
Business;MACEIO;0,10246627658187563
Business;MANAUS;0,11944363210995759
Business;MARABA;0,03662714097496706
Business;MARILIA;0,0651435266549502
Business;MARINGA;0,08544203988548693
Business;MOGI GUACU - MOGI MIRIM;0,08402602351148054
Business;MONTES CLAROS;0,06392814139205293
Business;MOSSORO;0,07182899355582334
Business;MURIAE;0,047475788172264576
Business;NATAL;0,10723133412225307
Business;NOVA FRIBURGO;0,04933351929705712
Business;OURINHOS;0,07627341316016667
Business;PALMAS;0,053071784239717895
Business;PARANAGUA;0,06529850746268656
Business;PARAUAPEBAS;0,12463844333420983
Business;PARINTINS;0,009153993798907427
Business;PARNAIBA;0,020605026576547017
Business;PASSO FUNDO;0,07855397032910817
Business;PASSOS;0,03965437432494985
Business;PATOS;0,05654668753260302
Business;PATOS DE MINAS;0,07181976967938661
Business;PAULO AFONSO;0,06112016595051119
Business;PELOTAS;0,10026919730258864
Business;PETROLINA;0,05180352550028229
Business;PETROPOLIS;0,11843179961884018
Business;PIRACICABA;0,08815139711069535
Business;POCOS DE CALDAS;0,07495417204155068
Business;PONTA GROSSA;0,09193839000290613
Business;PORTO ALEGRE;0,14458444678934582
Business;PORTO SEGURO;0,09891002963954489
Business;PORTO VELHO;0,0750031004157253
Business;POUSO ALEGRE;0,08579245651749072
Business;PRESIDENTE PRUDENTE;0,061856696578590366
Business;RECIFE;0,17698330523608058
Business;RESENDE;0,06493065270394499
Business;RIBEIRAO PRETO;0,13870033367669457
Business;RIO BRANCO;0,07387794439205364
Business;RIO CLARO;0,096045197740113
Business;RIO DE JANEIRO;0,19183917405534218
Business;RIO GRANDE;0,07940888677020348
Business;RIO VERDE;0,04775861341879981
Business;RONDONOPOLIS;0,061246650032344516
Business;SALVADOR;0,18365817369935378
Business;SANTA CRUZ DO SUL;0,09366693491355134
Business;SANTA MARIA;0,1076162547130289
Business;SANTAREM;0,03541916167664671
Business;SAO BENTO DO SUL - RIO NEGRINHO;0,04253677742012716
Business;SAO CARLOS;0,09977263608399091
Business;SAO JOAO DEL REI;0,03138467303728686
Business;SAO JOSE DO RIO PRETO;0,09243508809001823
Business;SAO JOSE DOS CAMPOS;0,1653639934033558
Business;SAO LUIS;0,11312872028160119
Business;SAO MATEUS;0,055092637976668954
Business;SAO PAULO;0,20670800893968622
Business;SAO ROQUE - MAIRINQUE;0,08428124284296512
Business;SERTAOZINHO;0,05067335735117516
Business;SETE LAGOAS;0,0797071763176175
Business;SINOP;0,06314329513103147
Business;SOBRAL;0,025107587508342345
Business;SOROCABA;0,12818858184026724
Business;TAQUARA - PAROBE - IGREJINHA;0,04755392310096905
Business;TATUI;0,07836244851583582
Business;TEIXEIRA DE FREITAS;0,04180456366486675
Business;TEOFILO OTONI;0,03924579814009044
Business;TERESINA;0,08778266271256198
Business;TERESOPOLIS;0,1292179802955665
Business;TOLEDO;0,05368958028183241
Business;TRAMANDAI - OSORIO;0,04086349331235248
Business;TRES LAGOAS;0,08314844162704702
Business;TRES RIOS - PARAIBA DO SUL;0,14599953073674332
Business;TUBARAO - LAGUNA;0,06933629211216462
Business;UBA;0,03448989446092295
Business;UBERABA;0,06958255360266148
Business;UBERLANDIA;0,16910581522835993
Business;UMUARAMA;0,0456048801999118
Business;VARGINHA;0,08353788471394276
Business;VITORIA;0,15209546029120305
Business;VITORIA DA CONQUISTA;0,04019984763389614
Business;VITORIA DE SANTO ANTAO;0,014824556159961743
Business;VOLTA REDONDA - BARRA MANSA;0,09832022397013732
Construction;ABAETETUBA;0,019204389574759947
Construction;ACAILANDIA;0,08120598591549295
Construction;ALAGOINHAS;0,03545179420665802
Construction;AMERICANA - SANTA BARBARA D'OESTE;0,02909902111878171
Construction;ANAPOLIS;0,08234019501625135
Construction;ANGRA DOS REIS;0,11388038672691056
Construction;APUCARANA;0,03636041149343739
Construction;ARACAJU;0,0972497537004285
Construction;ARACATUBA;0,041432357313683665
Construction;ARAGUAINA;0,05509763124199744
Construction;ARAGUARI;0,0698022912940494
Construction;ARAPIRACA;0,025105856784202046
Construction;ARAPONGAS;0,018885265342425142
Construction;ARARAQUARA;0,05857902488953242
Construction;ARARAS;0,04202685048781166
Construction;ARARUAMA;0,09875992063492063
Construction;ATIBAIA;0,030398403316189454
Construction;BACABAL;0,008593620889109237
Construction;BAGE;0,04862110065348732
Construction;BAIXADA SANTISTA;0,07077658975801913
Construction;BARBACENA;0,033563636363636365
Construction;BARREIRAS;0,027116723328476606
Construction;BARRETOS;0,09422114887010523
Construction;BAURU;0,11686588115189928
Construction;BELEM;0,06767034821225916
Construction;BELO HORIZONTE;0,08976734324675338
Construction;BENTO GONCALVES;0,03859907776279055
Construction;BIRIGUI;0,026234956442922605
Construction;BLUMENAU;0,04868149506993808
Construction;BOA VISTA;0,08158834452221111
Construction;BOTUCATU;0,02732400361836854
Construction;BRAGANCA;0,019734345351043642
Construction;BRAGANCA PAULISTA;0,03025683427213064
Construction;BRASILIA;0,06354718904371871
Construction;BRUSQUE;0,031576769728428496
Construction;CABO FRIO;0,04035615171137835
Construction;CACHOEIRO DE ITAPEMIRIM;0,030640107430617725
Construction;CAMETA;0,0017408123791102514
Construction;CAMPINA GRANDE;0,05836462098085313
Construction;CAMPINAS;0,049930187098575815
Construction;CAMPO GRANDE;0,0739008049775167
Construction;CAMPOS DOS GOYTACAZES;0,10590708829464654
Construction;CARAGUATATUBA - UBATUBA - SAO SEBASTIAO;0,10453110333646215
Construction;CARUARU;0,0367166934463779
Construction;CASCAVEL;0,0732489470534434
Construction;CASTANHAL;0,08348678039120314
Construction;CATALAO;0,04738899380736967
Construction;CATANDUVA;0,02980991126020032
Construction;CAXIAS;0,03181932667282344
Construction;CAXIAS DO SUL;0,03385819974712982
Construction;CHAPECO;0,0837342366705571
Construction;CODO;0,016002370721588385
Construction;COLATINA;0,054417272526988324
Construction;CONSELHEIRO LAFAIETE;0,09042672598518398
Construction;CRICIUMA;0,04427843556780475
Construction;CUIABA;0,07677305938581552
Construction;CURITIBA;0,06266617073741923
Construction;DIVINOPOLIS;0,035626557979584784
Construction;DOURADOS;0,03621683967704729
Construction;EUNAPOLIS;0,03650834403080873
Construction;FEIRA DE SANTANA;0,12091931013242993
Construction;FLORIANOPOLIS;0,05782498277794343
Construction;FORMOSA;0,020233525271912987
Construction;FORTALEZA;0,07555692174994208
Construction;FRANCA;0,0318681068270896
Construction;GARANHUNS;0,04652894100130281
Construction;GOIANIA;0,07876287127934838
Construction;GOVERNADOR VALADARES;0,0527772582756686
Construction;GUARAPARI;0,08906069581806315
Construction;GUARAPUAVA;0,06855038205706118
Construction;GUARATINGUETA;0,05258899676375405
Construction;ILHEUS;0,025479567658801
Construction;IMPERATRIZ;0,0778728777886909
Construction;INDAIATUBA;0,07061723621248006
Construction;INTERNACIONAL DE CORUMBA;0,04328807589615406
Construction;INTERNACIONAL DE FOZ DO IGUACU;0,048727948003714015
Construction;INTERNACIONAL DE PEDRO JUAN CABALLERO;0,014636591478696741
Construction;INTERNACIONAL DE SANT'ANA DO LIVRAMENTO;0,02542226818338504
Construction;INTERNACIONAL DE URUGUAIANA;0,03576517526360787
Construction;IPATINGA;0,11270546077744022
Construction;ITABIRA;0,10819020581973031
Construction;ITABUNA;0,05167369974370259
Construction;ITAJAI - BALNEARIO CAMBORIU;0,0656300357867861
Construction;ITAJUBA;0,03189479533246898
Construction;ITAPETININGA;0,03576533650982728
Construction;ITAPIPOCA;0,018511967928310342
Construction;ITATIBA;0,08194483142936751
Construction;ITU - SALTO;0,02662356669254362
Construction;JARAGUA DO SUL;0,02689100621089595
Construction;JAU;0,015303443274736817
Construction;JEQUIE;0,025638702663526
Construction;JI-PARANA;0,05904059040590406
Construction;JOAO PESSOA;0,07838489390550003
Construction;JOINVILLE;0,0423328517010377
Construction;JUAZEIRO DO NORTE;0,04050252844500632
Construction;JUIZ DE FORA;0,07208900087548846
Construction;JUNDIAI;0,03977357970326939
Construction;LAGES;0,05652794669768917
Construction;LAJEADO;0,049337905373363
Construction;LAVRAS;0,0663287955016277
Construction;LIMEIRA;0,03971770884621697
Construction;LINHARES;0,033297159948122074
Construction;LONDRINA;0,06262210028503411
Construction;MACAE - RIO DAS OSTRAS;0,07231677189129837
Construction;MACAPA;0,045506514909615284
Construction;MACEIO;0,09166864776570373
Construction;MANAUS;0,05110193173140973
Construction;MARABA;0,12971613366870283
Construction;MARILIA;0,07309398276006361
Construction;MARINGA;0,06080474549953904
Construction;MOGI GUACU - MOGI MIRIM;0,025825936013773833
Construction;MONTES CLAROS;0,0741145696372469
Construction;MOSSORO;0,10525488552417876
Construction;MURIAE;0,05794354007830208
Construction;NATAL;0,07891317090434534
Construction;NOVA FRIBURGO;0,02952838271334356
Construction;OURINHOS;0,04174017491835892
Construction;PALMAS;0,05486151719738451
Construction;PARANAGUA;0,024735194992778046
Construction;PARAUAPEBAS;0,21688140941362083
Construction;PARINTINS;0,002509966041635907
Construction;PARNAIBA;0,10460003937266225
Construction;PASSO FUNDO;0,0502662043615832
Construction;PASSOS;0,06827650054004011
Construction;PATOS;0,058841940532081374
Construction;PATOS DE MINAS;0,0779478374137778
Construction;PAULO AFONSO;0,04459919988146392
Construction;PELOTAS;0,0620241461822928
Construction;PETROLINA;0,07764883006084938
Construction;PETROPOLIS;0,04996564375818392
Construction;PIRACICABA;0,048684170168389405
Construction;POCOS DE CALDAS;0,057709281010251884
Construction;PONTA GROSSA;0,05235687300203429
Construction;PORTO ALEGRE;0,05028972841261298
Construction;PORTO SEGURO;0,04221244860885362
Construction;PORTO VELHO;0,2058244679417014
Construction;POUSO ALEGRE;0,04238323236271253
Construction;PRESIDENTE PRUDENTE;0,04637385341083052
Construction;RECIFE;0,0980654527216785
Construction;RESENDE;0,04028938007114593
Construction;RIBEIRAO PRETO;0,07540741132035604
Construction;RIO BRANCO;0,07484170492346913
Construction;RIO CLARO;0,026638564444834756
Construction;RIO DE JANEIRO;0,055628712836993194
Construction;RIO GRANDE;0,04094638332037032
Construction;RIO VERDE;0,039261164761944925
Construction;RONDONOPOLIS;0,043387856944829495
Construction;SALVADOR;0,11361859103548323
Construction;SANTA CRUZ DO SUL;0,057185358597312656
Construction;SANTA MARIA;0,05741097612065354
Construction;SANTAREM;0,040269461077844314
Construction;SAO BENTO DO SUL - RIO NEGRINHO;0,0168923412518954
Construction;SAO CARLOS;0,038839106593553566
Construction;SAO JOAO DEL REI;0,06511148585347575
Construction;SAO JOSE DO RIO PRETO;0,06059985736548773
Construction;SAO JOSE DOS CAMPOS;0,06071605174792949
Construction;SAO LUIS;0,14408672568441488
Construction;SAO MATEUS;0,05327909028526615
Construction;SAO PAULO;0,055987287992198057
Construction;SAO ROQUE - MAIRINQUE;0,020612260477899078
Construction;SERTAOZINHO;0,04100188711614342
Construction;SETE LAGOAS;0,04175052989687049
Construction;SINOP;0,07099058325425213
Construction;SOBRAL;0,03502635030952984
Construction;SOROCABA;0,05689625721226845
Construction;TAQUARA - PAROBE - IGREJINHA;0,018286964676461393
Construction;TATUI;0,036358471807981824
Construction;TEIXEIRA DE FREITAS;0,09758752830517331
Construction;TEOFILO OTONI;0,13936524187356028
Construction;TERESINA;0,09722558782689637
Construction;TERESOPOLIS;0,0644088669950739
Construction;TOLEDO;0,037047325622506184
Construction;TRAMANDAI - OSORIO;0,06530291109362707
Construction;TRES LAGOAS;0,038492692375418205
Construction;TRES RIOS - PARAIBA DO SUL;0,03827428437353355
Construction;TUBARAO - LAGUNA;0,04492636675408513
Construction;UBA;0,01931434089811685
Construction;UBERABA;0,09691899362761286
Construction;UBERLANDIA;0,07198533783525793
Construction;UMUARAMA;0,04582537115978245
Construction;VARGINHA;0,03892320556739406
Construction;VITORIA;0,0849517782736934
Construction;VITORIA DA CONQUISTA;0,08139184664174477
Construction;VITORIA DE SANTO ANTAO;0,016558072807699206
Construction;VOLTA REDONDA - BARRA MANSA;0,07572323690174643
Financial;ABAETETUBA;0,012193263222069806
Financial;ACAILANDIA;0,008362676056338027
Financial;ALAGOINHAS;0,007734063505788538
Financial;AMERICANA - SANTA BARBARA D'OESTE;0,011928135621846433
Financial;ANAPOLIS;0,010980315775378285
Financial;ANGRA DOS REIS;0,005805762036632172
Financial;APUCARANA;0,01049426510582949
Financial;ARACAJU;0,014560360210650429
Financial;ARACATUBA;0,018033740546829553
Financial;ARAGUAINA;0,01192381562099872
Financial;ARAGUARI;0,013583409870933436
Financial;ARAPIRACA;0,010117285569753063
Financial;ARAPONGAS;0,008508745923510228
Financial;ARARAQUARA;0,021069975285218565
Financial;ARARAS;0,012897128721127388
Financial;ARARUAMA;0,014335317460317461
Financial;ATIBAIA;0,015071262250198307
Financial;BACABAL;0,019666170880846143
Financial;BAGE;0,01483703916813941
Financial;BAIXADA SANTISTA;0,017439504783342715
Financial;BARBACENA;0,014218181818181819
Financial;BARREIRAS;0,014448761534725595
Financial;BARRETOS;0,012316715542521995
Financial;BAURU;0,02703645412395253
Financial;BELEM;0,016489869682707586
Financial;BELO HORIZONTE;0,01695410044609325
Financial;BENTO GONCALVES;0,011967125694030554
Financial;BIRIGUI;0,009844403041442167
Financial;BLUMENAU;0,020431093785828938
Financial;BOA VISTA;0,007384659334380803
Financial;BOTUCATU;0,01476613632735593
Financial;BRAGANCA;0,011954459203036054
Financial;BRAGANCA PAULISTA;0,013642705803317659
Financial;BRASILIA;0,03307873363625876
Financial;BRUSQUE;0,008105769954111186
Financial;CABO FRIO;0,01083652702524118
Financial;CACHOEIRO DE ITAPEMIRIM;0,017144136078782454
Financial;CAMETA;0,00851063829787234
Financial;CAMPINA GRANDE;0,010842485701252675
Financial;CAMPINAS;0,01732509814872612
Financial;CAMPO GRANDE;0,014457222491995625
Financial;CAMPOS DOS GOYTACAZES;0,013196124628892011
Financial;CARAGUATATUBA - UBATUBA - SAO SEBASTIAO;0,010069118525471456
Financial;CARUARU;0,013760213326040136
Financial;CASCAVEL;0,018269893068054786
Financial;CASTANHAL;0,006253691415071396
Financial;CATALAO;0,01150687338047345
Financial;CATANDUVA;0,014155544453167749
Financial;CAXIAS;0,009906808832171942
Financial;CAXIAS DO SUL;0,018127440476492722
Financial;CHAPECO;0,017948134020325086
Financial;CODO;0,00933471625425989
Financial;COLATINA;0,026846693733673245
Financial;CONSELHEIRO LAFAIETE;0,009979388175751515
Financial;CRICIUMA;0,01333611357908288
Financial;CUIABA;0,016975223864198207
Financial;CURITIBA;0,0237107561543442
Financial;DIVINOPOLIS;0,020833712403791917
Financial;DOURADOS;0,014344133375275243
Financial;EUNAPOLIS;0,011193838254172016
Financial;FEIRA DE SANTANA;0,013618340006159533
Financial;FLORIANOPOLIS;0,017602484088876092
Financial;FORMOSA;0,01063659628918746
Financial;FORTALEZA;0,015521089733737378
Financial;FRANCA;0,015962537599124967
Financial;GARANHUNS;0,012469756188349152
Financial;GOIANIA;0,013847474893236426
Financial;GOVERNADOR VALADARES;0,01823452403216757
Financial;GUARAPARI;0,008735378282042272
Financial;GUARAPUAVA;0,020449672915177835
Financial;GUARATINGUETA;0,01402373247033441
Financial;ILHEUS;0,010711155831088318
Financial;IMPERATRIZ;0,010710443852018147
Financial;INDAIATUBA;0,010665893308843669
Financial;INTERNACIONAL DE CORUMBA;0,008748508776913026
Financial;INTERNACIONAL DE FOZ DO IGUACU;0,01223769730733519
Financial;INTERNACIONAL DE PEDRO JUAN CABALLERO;0,017142857142857144
Financial;INTERNACIONAL DE SANT'ANA DO LIVRAMENTO;0,018355739400206825
Financial;INTERNACIONAL DE URUGUAIANA;0,01576897501662392
Financial;IPATINGA;0,010228246475033108
Financial;ITABIRA;0,0071823988644428675
Financial;ITABUNA;0,016465166852201826
Financial;ITAJAI - BALNEARIO CAMBORIU;0,011168546693733477
Financial;ITAJUBA;0,011817003148731247
Financial;ITAPETININGA;0,009112567004169148
Financial;ITAPIPOCA;0,007428369296073576
Financial;ITATIBA;0,01005851212036779
Financial;ITU - SALTO;0,016773356071114957
Financial;JARAGUA DO SUL;0,007709288892447413
Financial;JAU;0,014378235102898151
Financial;JEQUIE;0,009874977350969379
Financial;JI-PARANA;0,013115191392877784
Financial;JOAO PESSOA;0,011299785608131378
Financial;JOINVILLE;0,018237225797977145
Financial;JUAZEIRO DO NORTE;0,008754740834386852
Financial;JUIZ DE FORA;0,015787263422376917
Financial;JUNDIAI;0,01280101856695091
Financial;LAGES;0,014198085770186664
Financial;LAJEADO;0,016032539306168606
Financial;LAVRAS;0,011615862681266647
Financial;LIMEIRA;0,01430212656209702
Financial;LINHARES;0,016648579974061037
Financial;LONDRINA;0,017860002348595645
Financial;MACAE - RIO DAS OSTRAS;0,006738951413670052
Financial;MACAPA;0,01201009424730906
Financial;MACEIO;0,012362057991242265
Financial;MANAUS;0,009157040502997513
Financial;MARABA;0,010204814947897952
Financial;MARILIA;0,017624905849861913
Financial;MARINGA;0,019524236983842008
Financial;MOGI GUACU - MOGI MIRIM;0,012390804273275095
Financial;MONTES CLAROS;0,013369687071817087
Financial;MOSSORO;0,009902027558023786
Financial;MURIAE;0,013764681640222542
Financial;NATAL;0,010915847332972052
Financial;NOVA FRIBURGO;0,010799179102990695
Financial;OURINHOS;0,014789234638339402
Financial;PALMAS;0,007867736962415607
Financial;PARANAGUA;0,010080645161290322
Financial;PARAUAPEBAS;0,004180909808046279
Financial;PARINTINS;0,0075298981249077215
Financial;PARNAIBA;0,011614935363212809
Financial;PASSO FUNDO;0,020330055514503873
Financial;PASSOS;0,012729517049837987
Financial;PATOS;0,018675013041210223
Financial;PATOS DE MINAS;0,014772491784836733
Financial;PAULO AFONSO;0,01229811823973922
Financial;PELOTAS;0,015417663693713292
Financial;PETROLINA;0,011128536478263597
Financial;PETROPOLIS;0,01658174840859295
Financial;PIRACICABA;0,016179492684722265
Financial;POCOS DE CALDAS;0,015049675243850001
Financial;PONTA GROSSA;0,013333333333333332
Financial;PORTO ALEGRE;0,01899842940642911
Financial;PORTO SEGURO;0,006214743283296682
Financial;PORTO VELHO;0,007025811634916612
Financial;POUSO ALEGRE;0,012434043384795779
Financial;PRESIDENTE PRUDENTE;0,020523479408067508
Financial;RECIFE;0,014285028588668956
Financial;RESENDE;0,009772572844638075
Financial;RIBEIRAO PRETO;0,02454152469999912
Financial;RIO BRANCO;0,00943034498481818
Financial;RIO CLARO;0,012265448903720617
Financial;RIO DE JANEIRO;0,02526161862531905
Financial;RIO GRANDE;0,016960634267506335
Financial;RIO VERDE;0,01326276725846582
Financial;RONDONOPOLIS;0,013954348026984567
Financial;SALVADOR;0,01307658158839602
Financial;SANTA CRUZ DO SUL;0,019484478259809302
Financial;SANTA MARIA;0,022153330540427316
Financial;SANTAREM;0,007035928143712575
Financial;SAO BENTO DO SUL - RIO NEGRINHO;0,009683168843606182
Financial;SAO CARLOS;0,013414471044536578
Financial;SAO JOAO DEL REI;0,010727000187371181
Financial;SAO JOSE DO RIO PRETO;0,029504213000871655
Financial;SAO JOSE DOS CAMPOS;0,01461721082077477
Financial;SAO LUIS;0,010317386067289588
Financial;SAO MATEUS;0,006518968728556024
Financial;SAO PAULO;0,033692470207804914
Financial;SAO ROQUE - MAIRINQUE;0,012978089930529048
Financial;SERTAOZINHO;0,01636215474352376
Financial;SETE LAGOAS;0,012860018167892704
Financial;SINOP;0,014928096941382583
Financial;SOBRAL;0,01017190987964007
Financial;SOROCABA;0,01445775129061646
Financial;TAQUARA - PAROBE - IGREJINHA;0,008068927789934354
Financial;TATUI;0,011291009799744355
Financial;TEIXEIRA DE FREITAS;0,01132206932590141
Financial;TEOFILO OTONI;0,014930466683730057
Financial;TERESINA;0,013989376228445706
Financial;TERESOPOLIS;0,013639162561576355
Financial;TOLEDO;0,013182483963836557
Financial;TRAMANDAI - OSORIO;0,009933123524783635
Financial;TRES LAGOAS;0,007149145976404297
Financial;TRES RIOS - PARAIBA DO SUL;0,02029563585171281
Financial;TUBARAO - LAGUNA;0,010712124268710913
Financial;UBA;0,00876043319307443
Financial;UBERABA;0,01362541126970731
Financial;UBERLANDIA;0,020433210239514752
Financial;UMUARAMA;0,014001175951785976
Financial;VARGINHA;0,017128368354327947
Financial;VITORIA;0,016508918678506217
Financial;VITORIA DA CONQUISTA;0,013766100313590702
Financial;VITORIA DE SANTO ANTAO;0,008667583238687309
Financial;VOLTA REDONDA - BARRA MANSA;0,019521206696250026
Government;ABAETETUBA;0,5499161713153483
Government;ACAILANDIA;0,20187793427230047
Government;ALAGOINHAS;0,19604169669020513
Government;AMERICANA - SANTA BARBARA D'OESTE;0,12173735582437843
Government;ANAPOLIS;0,24052004333694474
Government;ANGRA DOS REIS;0,2196958655200894
Government;APUCARANA;0,1332623861889559
Government;ARACAJU;0,397224826996807
Government;ARACATUBA;0,20438239286406826
Government;ARAGUAINA;0,2633642765685019
Government;ARAGUARI;0,20346111084255813
Government;ARAPIRACA;0,2633491962378686
Government;ARAPONGAS;0,11512007115327602
Government;ARARAQUARA;0,1701575255261253
Government;ARARAS;0,18353392445173305
Government;ARARUAMA;0,3389384920634921
Government;ATIBAIA;0,15552314423888847
Government;BACABAL;0,27648322591307223
Government;BAGE;0,3147014097242201
Government;BAIXADA SANTISTA;0,20974395047833427
Government;BARBACENA;0,3257090909090909
Government;BARREIRAS;0,1726971021531488
Government;BARRETOS;0,24716232534069346
Government;BAURU;0,1712025181845251
Government;BELEM;0,4150667860064152
Government;BELO HORIZONTE;0,2970424880645818
Government;BENTO GONCALVES;0,12028294488534773
Government;BIRIGUI;0,1241250818268795
Government;BLUMENAU;0,1222598027975235
Government;BOA VISTA;0,525367804599343
Government;BOTUCATU;0,2353801947533656
Government;BRAGANCA;0,5688804554079696
Government;BRAGANCA PAULISTA;0,19425352694951165
Government;BRASILIA;0,44335558497953614
Government;BRUSQUE;0,09166478597758218
Government;CABO FRIO;0,3537564424474693
Government;CACHOEIRO DE ITAPEMIRIM;0,18784691136974038
Government;CAMETA;0,844294003868472
Government;CAMPINA GRANDE;0,3032737990806695
Government;CAMPINAS;0,17246414902179805
Government;CAMPO GRANDE;0,3998870899608763
Government;CAMPOS DOS GOYTACAZES;0,3267546408308593
Government;CARAGUATATUBA - UBATUBA - SAO SEBASTIAO;0,22356856387063742
Government;CARUARU;0,21559946668489965
Government;CASCAVEL;0,18007926739761293
Government;CASTANHAL;0,24663864086439913
Government;CATALAO;0,13623786727568185
Government;CATANDUVA;0,16872457354935408
Government;CAXIAS;0,4640248509780875
Government;CAXIAS DO SUL;0,11458878129776226
Government;CHAPECO;0,11752398303396056
Government;CODO;0,34982960438583494
Government;COLATINA;0,18326881314323482
Government;CONSELHEIRO LAFAIETE;0,21034264606844758
Government;CRICIUMA;0,12655255571068522
Government;CUIABA;0,3438051812495585
Government;CURITIBA;0,26216318138612227
Government;DIVINOPOLIS;0,18293637074910388
Government;DOURADOS;0,2366782006920415
Government;EUNAPOLIS;0,24087291399229782
Government;FEIRA DE SANTANA;0,1615240991684632
Government;FLORIANOPOLIS;0,3190604468481066
Government;FORMOSA;0,31261996161228406
Government;FORTALEZA;0,2788703509564763
Government;FRANCA;0,13800018229878772
Government;GARANHUNS;0,3243997766610832
Government;GOIANIA;0,3578212086965343
Government;GOVERNADOR VALADARES;0,2506078174677389
Government;GUARAPARI;0,2045785430995532
Government;GUARAPUAVA;0,18696058490462317
Government;GUARATINGUETA;0,2001618122977346
Government;ILHEUS;0,33461001655360445
Government;IMPERATRIZ;0,2403769702071933
Government;INDAIATUBA;0,13880161760677978
Government;INTERNACIONAL DE CORUMBA;0,36260864625347955
Government;INTERNACIONAL DE FOZ DO IGUACU;0,257753017641597
Government;INTERNACIONAL DE PEDRO JUAN CABALLERO;0,3019548872180451
Government;INTERNACIONAL DE SANT'ANA DO LIVRAMENTO;0,25318855567045845
Government;INTERNACIONAL DE URUGUAIANA;0,1751686140400874
Government;IPATINGA;0,18662460076341825
Government;ITABIRA;0,14078069552874378
Government;ITABUNA;0,2768270898594248
Government;ITAJAI - BALNEARIO CAMBORIU;0,15822224082484007
Government;ITAJUBA;0,20377847749583256
Government;ITAPETININGA;0,16298391899940443
Government;ITAPIPOCA;0,389222968989506
Government;ITATIBA;0,10323209807745891
Government;ITU - SALTO;0,13523041093449736
Government;JARAGUA DO SUL;0,08813066901529276
Government;JAU;0,18726713510539872
Government;JEQUIE;0,2380413118318536
Government;JI-PARANA;0,1898812964033255
Government;JOAO PESSOA;0,5046834229476865
Government;JOINVILLE;0,12197031393668725
Government;JUAZEIRO DO NORTE;0,3113305941845765
Government;JUIZ DE FORA;0,21046600186486158
Government;JUNDIAI;0,11798670835005941
Government;LAGES;0,17709269737189995
Government;LAJEADO;0,1305767336665086
Government;LAVRAS;0,24940810890796092
Government;LIMEIRA;0,13361937586457526
Government;LINHARES;0,21002620364733596
Government;LONDRINA;0,18222433358598528
Government;MACAE - RIO DAS OSTRAS;0,18436041723853966
Government;MACAPA;0,508564659834166
Government;MACEIO;0,36140231136741846
Government;MANAUS;0,3255633539666293
Government;MARABA;0,26170798898071623
Government;MARILIA;0,2396351159092811
Government;MARINGA;0,1886675724198166
Government;MOGI GUACU - MOGI MIRIM;0,17198944382506104
Government;MONTES CLAROS;0,246605677272916
Government;MOSSORO;0,2184034508653359
Government;MURIAE;0,18462806511436225
Government;NATAL;0,3814767913823422
Government;NOVA FRIBURGO;0,19095817808683177
Government;OURINHOS;0,2149318719267295
Government;PALMAS;0,6708486169439867
Government;PARANAGUA;0,17107005296100145
Government;PARAUAPEBAS;0,13904811990533789
Government;PARINTINS;0,7241990255425956
Government;PARNAIBA;0,31051906293063847
Government;PASSO FUNDO;0,2306409746300612
Government;PASSOS;0,19730751427248883
Government;PATOS;0,2917057902973396
Government;PATOS DE MINAS;0,17641137985138697
Government;PAULO AFONSO;0,3678322714476219
Government;PELOTAS;0,28590656950184906
Government;PETROLINA;0,2370616648892792
Government;PETROPOLIS;0,1925246003656023
Government;PIRACICABA;0,13896727295034197
Government;POCOS DE CALDAS;0,18691017720143935
Government;PONTA GROSSA;0,16625399593141527
Government;PORTO ALEGRE;0,2814798411596387
Government;PORTO SEGURO;0,2055167798068649
Government;PORTO VELHO;0,4579988029699287
Government;POUSO ALEGRE;0,20395251123705296
Government;PRESIDENTE PRUDENTE;0,24258528632058446
Government;RECIFE;0,30522824405721066
Government;RESENDE;0,23134417842439747
Government;RIBEIRAO PRETO;0,20367484570754424
Government;RIO BRANCO;0,547799413453268
Government;RIO CLARO;0,15340593073973244
Government;RIO DE JANEIRO;0,27507568157500806
Government;RIO GRANDE;0,23679654765787692
Government;RIO VERDE;0,17844642179395268
Government;RONDONOPOLIS;0,1321735514277793
Government;SALVADOR;0,3103802796233796
Government;SANTA CRUZ DO SUL;0,1825541980637452
Government;SANTA MARIA;0,28405529953917047
Government;SANTAREM;0,4064670658682635
Government;SAO BENTO DO SUL - RIO NEGRINHO;0,13846399404112686
Government;SAO CARLOS;0,1877223485355089
Government;SAO JOAO DEL REI;0,2703766160764475
Government;SAO JOSE DO RIO PRETO;0,19141419477535063
Government;SAO JOSE DOS CAMPOS;0,1770246235019689
Government;SAO LUIS;0,4117423489375636
Government;SAO MATEUS;0,22223311440054896
Government;SAO PAULO;0,22170066594565205
Government;SAO ROQUE - MAIRINQUE;0,1772272692571952
Government;SERTAOZINHO;0,09060301938582947
Government;SETE LAGOAS;0,17939903460805445
Government;SINOP;0,18377253814147018
Government;SOBRAL;0,1785377304213748
Government;SOROCABA;0,14285036440935317
Government;TAQUARA - PAROBE - IGREJINHA;0,10919427946233198
Government;TATUI;0,17419400653316292
Government;TEIXEIRA DE FREITAS;0,2206497125936248
Government;TEOFILO OTONI;0,24136165856155617
Government;TERESINA;0,43299369574164465
Government;TERESOPOLIS;0,2453817733990148
Government;TOLEDO;0,12917319056518006
Government;TRAMANDAI - OSORIO;0,23603461841070023
Government;TRES LAGOAS;0,15513294594118682
Government;TRES RIOS - PARAIBA DO SUL;0,17131041764429844
Government;TUBARAO - LAGUNA;0,21393988299374622
Government;UBA;0,12812995792232876
Government;UBERABA;0,255629349674042
Government;UBERLANDIA;0,16799851632856777
Government;UMUARAMA;0,17506982213729236
Government;VARGINHA;0,17783831899225852
Government;VITORIA;0,2640627194556719
Government;VITORIA DA CONQUISTA;0,25317577024608895
Government;VITORIA DE SANTO ANTAO;0,2472353398290394
Government;VOLTA REDONDA - BARRA MANSA;0,21658064639000513
Manufacturing;ABAETETUBA;0,029721079103795154
Manufacturing;ACAILANDIA;0,14546654929577466
Manufacturing;ALAGOINHAS;0,14228755344189845
Manufacturing;AMERICANA - SANTA BARBARA D'OESTE;0,4224460067135347
Manufacturing;ANAPOLIS;0,268165605560763
Manufacturing;ANGRA DOS REIS;0,2173881358402565
Manufacturing;APUCARANA;0,42636277639825
Manufacturing;ARACAJU;0,06985807605414238
Manufacturing;ARACATUBA;0,1722146812315515
Manufacturing;ARAGUAINA;0,13268245838668374
Manufacturing;ARAGUARI;0,24638661961618408
Manufacturing;ARAPIRACA;0,1683965975943343
Manufacturing;ARAPONGAS;0,5045360213459829
Manufacturing;ARARAQUARA;0,24923234390992835
Manufacturing;ARARAS;0,33374100119520805
Manufacturing;ARARUAMA;0,07172619047619049
Manufacturing;ATIBAIA;0,29925027506972696
Manufacturing;BACABAL;0,07486365889935548
Manufacturing;BAGE;0,13912292959598865
Manufacturing;BAIXADA SANTISTA;0,06181204276871131
Manufacturing;BARBACENA;0,1572727272727273
Manufacturing;BARREIRAS;0,08693540553666829
Manufacturing;BARRETOS;0,20669311712954977
Manufacturing;BAURU;0,11639797524352376
Manufacturing;BELEM;0,05415469343531457
Manufacturing;BELO HORIZONTE;0,11478510920068656
Manufacturing;BENTO GONCALVES;0,50966153267041
Manufacturing;BIRIGUI;0,5349967269248199
Manufacturing;BLUMENAU;0,42780898876404494
Manufacturing;BOA VISTA;0,022653906584773603
Manufacturing;BOTUCATU;0,27406481136593414
Manufacturing;BRAGANCA;0,05445920303605313
Manufacturing;BRAGANCA PAULISTA;0,2626996020877474
Manufacturing;BRASILIA;0,028291214760813456
Manufacturing;BRUSQUE;0,5616301812984277
Manufacturing;CABO FRIO;0,02406832298136646
Manufacturing;CACHOEIRO DE ITAPEMIRIM;0,2758952551477171
Manufacturing;CAMETA;0,00851063829787234
Manufacturing;CAMPINA GRANDE;0,22596114483549132
Manufacturing;CAMPINAS;0,21283243261001691
Manufacturing;CAMPO GRANDE;0,06592209207300463
Manufacturing;CAMPOS DOS GOYTACAZES;0,08593857304356095
Manufacturing;CARAGUATATUBA - UBATUBA - SAO SEBASTIAO;0,015752197286457888
Manufacturing;CARUARU;0,21836860278281084
Manufacturing;CASCAVEL;0,20974243741601833
Manufacturing;CASTANHAL;0,2146058437272001
Manufacturing;CATALAO;0,27572576749088673
Manufacturing;CATANDUVA;0,3052601527371351
Manufacturing;CAXIAS;0,09361094786331962
Manufacturing;CAXIAS DO SUL;0,48388587329071436
Manufacturing;CHAPECO;0,30631387172990976
Manufacturing;CODO;0,17750777893021188
Manufacturing;COLATINA;0,2654140307808517
Manufacturing;CONSELHEIRO LAFAIETE;0,19679190220607742
Manufacturing;CRICIUMA;0,40505158564667915
Manufacturing;CUIABA;0,09140173126878615
Manufacturing;CURITIBA;0,16917042057555343
Manufacturing;DIVINOPOLIS;0,2746229007078004
Manufacturing;DOURADOS;0,18483799937087134
Manufacturing;EUNAPOLIS;0,09329910141206675
Manufacturing;FEIRA DE SANTANA;0,18620072374499538
Manufacturing;FLORIANOPOLIS;0,0631458271213975
Manufacturing;FORMOSA;0,07621561100447857
Manufacturing;FORTALEZA;0,1648697132291712
Manufacturing;FRANCA;0,3944490019141373
Manufacturing;GARANHUNS;0,10075066691482101
Manufacturing;GOIANIA;0,11176706752715701
Manufacturing;GOVERNADOR VALADARES;0,1105105666729007
Manufacturing;GUARAPARI;0,04442994126211155
Manufacturing;GUARAPUAVA;0,1784398878566324
Manufacturing;GUARATINGUETA;0,17365156418554478
Manufacturing;ILHEUS;0,12343795644129962
Manufacturing;IMPERATRIZ;0,07925260745521724
Manufacturing;INDAIATUBA;0,3893534406367313
Manufacturing;INTERNACIONAL DE CORUMBA;0,036016588081577004
Manufacturing;INTERNACIONAL DE FOZ DO IGUACU;0,03793871866295265
Manufacturing;INTERNACIONAL DE PEDRO JUAN CABALLERO;0,13704260651629072
Manufacturing;INTERNACIONAL DE SANT'ANA DO LIVRAMENTO;0,03834884522578421
Manufacturing;INTERNACIONAL DE URUGUAIANA;0,03315284506507077
Manufacturing;IPATINGA;0,28785541793253877
Manufacturing;ITABIRA;0,05811213626685593
Manufacturing;ITABUNA;0,13516452222538639
Manufacturing;ITAJAI - BALNEARIO CAMBORIU;0,15310884624238746
Manufacturing;ITAJUBA;0,38421929987034636
Manufacturing;ITAPETININGA;0,206789755807028
Manufacturing;ITAPIPOCA;0,3215422709586134
Manufacturing;ITATIBA;0,41108943995541936
Manufacturing;ITU - SALTO;0,36263792203825546
Manufacturing;JARAGUA DO SUL;0,575771786747801
Manufacturing;JAU;0,38153584556525216
Manufacturing;JEQUIE;0,29076825511868093
Manufacturing;JI-PARANA;0,16311741430667318
Manufacturing;JOAO PESSOA;0,09890259907479515
Manufacturing;JOINVILLE;0,3874215158281886
Manufacturing;JUAZEIRO DO NORTE;0,27880847029077116
Manufacturing;JUIZ DE FORA;0,1474735396069555
Manufacturing;JUNDIAI;0,34819013790390924
Manufacturing;LAGES;0,2144254666596161
Manufacturing;LAJEADO;0,4235216867909386
Manufacturing;LAVRAS;0,19195767978691922
Manufacturing;LIMEIRA;0,41109235422381657
Manufacturing;LINHARES;0,2507344961753262
Manufacturing;LONDRINA;0,20288663755831457
Manufacturing;MACAE - RIO DAS OSTRAS;0,07344221795223715
Manufacturing;MACAPA;0,02444249884122161
Manufacturing;MACEIO;0,10564881632527857
Manufacturing;MANAUS;0,21636325973582882
Manufacturing;MARABA;0,1399449035812672
Manufacturing;MARILIA;0,2101598460122186
Manufacturing;MARINGA;0,23762069969430832
Manufacturing;MOGI GUACU - MOGI MIRIM;0,3168263735023074
Manufacturing;MONTES CLAROS;0,13260349051250467
Manufacturing;MOSSORO;0,13277798152320078
Manufacturing;MURIAE;0,2421182773542139
Manufacturing;NATAL;0,1195517535031354
Manufacturing;NOVA FRIBURGO;0,36432285959074695
Manufacturing;OURINHOS;0,22401561502946588
Manufacturing;PALMAS;0,019501001187248596
Manufacturing;PARANAGUA;0,11771786230139625
Manufacturing;PARAUAPEBAS;0,055824349198001576
Manufacturing;PARINTINS;0,030267237560903586
Manufacturing;PARNAIBA;0,08661985694599383
Manufacturing;PASSO FUNDO;0,17067394228765229
Manufacturing;PASSOS;0,2721030705138096
Manufacturing;PATOS;0,1593114241001565
Manufacturing;PATOS DE MINAS;0,13597205364279583
Manufacturing;PAULO AFONSO;0,0982367758186398
Manufacturing;PELOTAS;0,13689634544268
Manufacturing;PETROLINA;0,08643121510570229
Manufacturing;PETROPOLIS;0,20312965916015194
Manufacturing;PIRACICABA;0,3386114774713983
Manufacturing;POCOS DE CALDAS;0,17817457623282865
Manufacturing;PONTA GROSSA;0,23016564952048824
Manufacturing;PORTO ALEGRE;0,19037595738829122
Manufacturing;PORTO SEGURO;0,02944832201931351
Manufacturing;PORTO VELHO;0,03118748618292992
Manufacturing;POUSO ALEGRE;0,280437756497948
Manufacturing;PRESIDENTE PRUDENTE;0,19578826838587626
Manufacturing;RECIFE;0,09908714131922233
Manufacturing;RESENDE;0,31004436628162596
Manufacturing;RIBEIRAO PRETO;0,13201799565075759
Manufacturing;RIO BRANCO;0,048063670373172225
Manufacturing;RIO CLARO;0,4227042533883668
Manufacturing;RIO DE JANEIRO;0,07914809657768768
Manufacturing;RIO GRANDE;0,14684998870963695
Manufacturing;RIO VERDE;0,2793193606882301
Manufacturing;RONDONOPOLIS;0,1695545698179466
Manufacturing;SALVADOR;0,07374244706677786
Manufacturing;SANTA CRUZ DO SUL;0,2735874362913649
Manufacturing;SANTA MARIA;0,09960620025136155
Manufacturing;SANTAREM;0,08404191616766467
Manufacturing;SAO BENTO DO SUL - RIO NEGRINHO;0,5418318214466229
Manufacturing;SAO CARLOS;0,2791627658151665
Manufacturing;SAO JOAO DEL REI;0,16240397226906503
Manufacturing;SAO JOSE DO RIO PRETO;0,2038881111492644
Manufacturing;SAO JOSE DOS CAMPOS;0,26829805026187226
Manufacturing;SAO LUIS;0,035644536960157173
Manufacturing;SAO MATEUS;0,04078031565532791
Manufacturing;SAO PAULO;0,15691674798357833
Manufacturing;SAO ROQUE - MAIRINQUE;0,3180777158561722
Manufacturing;SERTAOZINHO;0,5129524789843884
Manufacturing;SETE LAGOAS;0,2922002742995565
Manufacturing;SINOP;0,18702095043433828
Manufacturing;SOBRAL;0,511771339148045
Manufacturing;SOROCABA;0,32574779836015794
Manufacturing;TAQUARA - PAROBE - IGREJINHA;0,6479368552672711
Manufacturing;TATUI;0,3201959948870899
Manufacturing;TEIXEIRA DE FREITAS;0,07437728618707543
Manufacturing;TEOFILO OTONI;0,08442112447743366
Manufacturing;TERESINA;0,07479335187300708
Manufacturing;TERESOPOLIS;0,13349753694581282
Manufacturing;TOLEDO;0,41454113844133544
Manufacturing;TRAMANDAI - OSORIO;0,11334579071597169
Manufacturing;TRES LAGOAS;0,31769677760169046
Manufacturing;TRES RIOS - PARAIBA DO SUL;0,23208000938526513
Manufacturing;TUBARAO - LAGUNA;0,21357676013717974
Manufacturing;UBA;0,525074153273091
Manufacturing;UBERABA;0,15479641385046294
Manufacturing;UBERLANDIA;0,14136334131534017
Manufacturing;UMUARAMA;0,2615390268998971
Manufacturing;VARGINHA;0,23256817630081192
Manufacturing;VITORIA;0,09331840384525351
Manufacturing;VITORIA DA CONQUISTA;0,139096079230374
Manufacturing;VITORIA DE SANTO ANTAO;0,41927192300795024
Manufacturing;VOLTA REDONDA - BARRA MANSA;0,18569904965052278
Mining;ALAGOINHAS;0,000816640245952827
Mining;AMERICANA - SANTA BARBARA D'OESTE;0,0008866932674646906
Mining;ANAPOLIS;0,0011808100113211682
Mining;ANGRA DOS REIS;0,0026963999416994605
Mining;APUCARANA;0,0010937684758188483
Mining;ARACAJU;0,006010105206515761
Mining;ARACATUBA;0,0004740051278736561
Mining;ARAGUAINA;0,0008002560819462228
Mining;ARAGUARI;0,0045922560061874606
Mining;ARARAQUARA;0,001185810220435879
Mining;ARARAS;0,0011952080495872363
Mining;ARARUAMA;0,004315476190476191
Mining;ATIBAIA;0,001484097131598475
Mining;BAGE;0,015576836134971846
Mining;BAIXADA SANTISTA;0,005638716938660664
Mining;BARBACENA;7,272727272727273e-05
Mining;BARREIRAS;0,0016593815768172252
Mining;BAURU;0,0006380535114211579
Mining;BELEM;0,0007751373620491034
Mining;BELO HORIZONTE;0,0044023341320465845
Mining;BENTO GONCALVES;0,003497600301138681
Mining;BLUMENAU;0,0010720018344416418
Mining;BOA VISTA;0,0006570489930009998
Mining;BOTUCATU;0,0004522960676847762
Mining;BRAGANCA PAULISTA;0,004340860937419254
Mining;BRASILIA;0,0007025023201516578
Mining;BRUSQUE;0,004269164221770857
Mining;CABO FRIO;0,011811153693669882
Mining;CACHOEIRO DE ITAPEMIRIM;0,02571620411817368
Mining;CAMPINA GRANDE;0,0039416587716528066
Mining;CAMPINAS;0,0007835471524549501
Mining;CAMPO GRANDE;0,0004342693812450898
Mining;CAMPOS DOS GOYTACAZES;0,0023138120846496
Mining;CARAGUATATUBA - UBATUBA - SAO SEBASTIAO;0,003669255055892141
Mining;CASCAVEL;0,001637289551834329
Mining;CATALAO;0,019148842724757347
Mining;CAXIAS DO SUL;0,0006651805889133183
Mining;CHAPECO;0,0005550969284636625
Mining;COLATINA;0,01517011298901583
Mining;CONSELHEIRO LAFAIETE;0,058896757209036546
Mining;CRICIUMA;0,030316766695073525
Mining;CUIABA;0,002444651980442784
Mining;CURITIBA;0,0029196112465732665
Mining;DIVINOPOLIS;0,0013464582688913554
Mining;DOURADOS;0,0010904896718045506
Mining;FEIRA DE SANTANA;0,001674622728672621
Mining;FLORIANOPOLIS;0,0006786004380057373
Mining;FORMOSA;0,005598208573256558
Mining;FORTALEZA;0,001383271816352888
Mining;FRANCA;0,00047853431774678697
Mining;GOIANIA;0,0005743587398969298
Mining;GOVERNADOR VALADARES;0,0015896764540864036
Mining;GUARAPARI;0,003062402731060796
Mining;GUARAPUAVA;0,0015941949315595625
Mining;GUARATINGUETA;0,0145361380798274
Mining;ILHEUS;0,0016553604466227401
Mining;IMPERATRIZ;0,0006314017118001964
Mining;INDAIATUBA;0,0022878502263682793
Mining;INTERNACIONAL DE CORUMBA;0,0628870078963813
Mining;INTERNACIONAL DE FOZ DO IGUACU;0,0005942432683379759
Mining;INTERNACIONAL DE URUGUAIANA;0,002707324023938444
Mining;IPATINGA;0,000856898029134533
Mining;ITABIRA;0,3366926898509581
Mining;ITABUNA;0,0015533176275662102
Mining;ITAJAI - BALNEARIO CAMBORIU;0,002350905831223099
Mining;ITAJUBA;0,0020374143359881457
Mining;ITAPETININGA;0,0008338296605122096
Mining;ITU - SALTO;0,0005599602937246268
Mining;JARAGUA DO SUL;0,0006176581605224931
Mining;JAU;0,0009252081718386637
Mining;JEQUIE;0,0019025185722051096
Mining;JI-PARANA;0,004090161383541546
Mining;JOAO PESSOA;0,0002202868693512707
Mining;JOINVILLE;0,0023959017470116905
Mining;JUAZEIRO DO NORTE;0,000695322376738306
Mining;JUIZ DE FORA;0,00076872157331682
Mining;JUNDIAI;0,0004257544977921588
Mining;LAGES;0,001163344085452911
Mining;LAJEADO;0,006329113924050634
Mining;LAVRAS;0,009137318733353062
Mining;LIMEIRA;0,002028088438723594
Mining;LINHARES;0,01061380058759694
Mining;LONDRINA;0,0006778901070746107
Mining;MACAE - RIO DAS OSTRAS;0,1854378259676091
Mining;MACAPA;0,002338157284853479
Mining;MACEIO;0,0015605947898373455
Mining;MANAUS;0,0005747266494451755
Mining;MARABA;0,021200143729788
Mining;MARILIA;0,00021759143024520882
Mining;MARINGA;0,0006125964384492212
Mining;MOGI GUACU - MOGI MIRIM;0,0027519440014677037
Mining;MONTES CLAROS;0,003916792382323226
Mining;MOSSORO;0,0663453310280994
Mining;MURIAE;0,002307850813929528
Mining;NATAL;0,001589820723520499
Mining;NOVA FRIBURGO;0,0020920918926457988
Mining;OURINHOS;0,0013888367553770505
Mining;PALMAS;0,0010543476334768664
Mining;PARANAGUA;0,013420799229658161
Mining;PARAUAPEBAS;0,18419668682618984
Mining;PARNAIBA;0,0005905899337226852
Mining;PASSO FUNDO;0,0011557627086530627
Mining;PASSOS;0,018554235457491127
Mining;PATOS;0,00594679186228482
Mining;PATOS DE MINAS;0,0016874389413540957
Mining;PELOTAS;0,0014955405699369154
Mining;PETROLINA;0,0012295339062794054
Mining;PETROPOLIS;0,00032411548883098023
Mining;PIRACICABA;0,0009815047694997393
Mining;POCOS DE CALDAS;0,02985040849118519
Mining;PONTA GROSSA;0,0034176111595466433
Mining;PORTO ALEGRE;0,0006651184013201498
Mining;PORTO SEGURO;4,780571756382063e-05
Mining;PORTO VELHO;0,0009220366765700235
Mining;POUSO ALEGRE;0,0019542700801250734
Mining;RECIFE;0,0008071633790758567
Mining;RESENDE;0,0017786482273472162
Mining;RIBEIRAO PRETO;0,0007879700307264291
Mining;RIO BRANCO;0,0018238908981626372
Mining;RIO CLARO;0,004873979098972512
Mining;RIO DE JANEIRO;0,0036280553661023375
Mining;RIO GRANDE;0,0016810096093534386
Mining;RIO VERDE;0,0008012482604478556
Mining;RONDONOPOLIS;0,0004851677294150263
Mining;SALVADOR;0,0023264798919696043
Mining;SANTA CRUZ DO SUL;0,0013412344233911283
Mining;SANTA MARIA;0,004490992878089652
Mining;SANTAREM;0,00032934131736526946
Mining;SAO BENTO DO SUL - RIO NEGRINHO;0,00010640844883083716
Mining;SAO CARLOS;0,002019526548080781
Mining;SAO JOAO DEL REI;0,006698519767659734
Mining;SAO JOSE DO RIO PRETO;0,00013867244248395361
Mining;SAO JOSE DOS CAMPOS;0,0026950967878899283
Mining;SAO LUIS;0,0006928933119715592
Mining;SAO MATEUS;0,03950593079109891
Mining;SAO PAULO;0,0006882920707690665
Mining;SAO ROQUE - MAIRINQUE;0,0
Mining;SETE LAGOAS;0,004862583046862476
Mining;SINOP;0,0006934812760055479
Mining;SOBRAL;0,004073366626009712
Mining;SOROCABA;0,0011245444883085333
Mining;TAQUARA - PAROBE - IGREJINHA;0,003848859018443264
Mining;TATUI;0,002414429768498793
Mining;TEIXEIRA DE FREITAS;0,0014370318759797944
Mining;TEOFILO OTONI;0,002431533145636038
Mining;TERESINA;0,0009885261728651488
Mining;TERESOPOLIS;0,00046182266009852215
Mining;TOLEDO;0,0014142128390322744
Mining;TRAMANDAI - OSORIO;0,0027537372147915028
Mining;TRES LAGOAS;0,0019369607325233316
Mining;TRES RIOS - PARAIBA DO SUL;0,014576489910839981
Mining;TUBARAO - LAGUNA;0,0026023804720597134
Mining;UBA;0,001379595778436918
Mining;UBERABA;0,0019447400286207023
Mining;UBERLANDIA;0,0012382110849892816
Mining;VARGINHA;0,003506595096161627
Mining;VITORIA;0,009014263643315283
Mining;VITORIA DA CONQUISTA;0,0030827560547809292
Mining;VITORIA DE SANTO ANTAO;0,007591607388367506
Mining;VOLTA REDONDA - BARRA MANSA;0,001123659702515855
OtherServices;ABAETETUBA;0,04130467916476147
OtherServices;ACAILANDIA;0,017605633802816902
OtherServices;ALAGOINHAS;0,014603449104097612
OtherServices;AMERICANA - SANTA BARBARA D'OESTE;0,0209639622522009
OtherServices;ANAPOLIS;0,03214968288555881
OtherServices;ANGRA DOS REIS;0,03558762085215955
OtherServices;APUCARANA;0,06311339718576327
OtherServices;ARACAJU;0,02463391376943195
OtherServices;ARACATUBA;0,04776678947708616
OtherServices;ARAGUAINA;0,027328745198463508
OtherServices;ARAGUARI;0,02354135447382414
OtherServices;ARAPIRACA;0,01206579982763143
OtherServices;ARAPONGAS;0,0316335606285206
OtherServices;ARARAQUARA;0,02960780887235689
OtherServices;ARARAS;0,024237707424187675
OtherServices;ARARUAMA;0,023908730158730157
OtherServices;ATIBAIA;0,030935748829354417
OtherServices;BACABAL;0,043463890266071725
OtherServices;BAGE;0,021947310016028933
OtherServices;BAIXADA SANTISTA;0,07959200900393923
OtherServices;BARBACENA;0,03709090909090909
OtherServices;BARREIRAS;0,04783875667799903
OtherServices;BARRETOS;0,03998619975849577
OtherServices;BAURU;0,04103960185460888
OtherServices;BELEM;0,03395401422655424
OtherServices;BELO HORIZONTE;0,03264514011930624
OtherServices;BENTO GONCALVES;0,01453935192446438
OtherServices;BIRIGUI;0,014502240797623243
OtherServices;BLUMENAU;0,01982343499197432
OtherServices;BOA VISTA;0,013769461505499214
OtherServices;BOTUCATU;0,04036077262810621
OtherServices;BRAGANCA;0,03377609108159393
OtherServices;BRAGANCA PAULISTA;0,05888584569272906
OtherServices;BRASILIA;0,037289443008638366
OtherServices;BRUSQUE;0,02300082750319717
OtherServices;CABO FRIO;0,03057684683494119
OtherServices;CACHOEIRO DE ITAPEMIRIM;0,04218889883616831
OtherServices;CAMETA;0,012959381044487427
OtherServices;CAMPINA GRANDE;0,02318209995672363
OtherServices;CAMPINAS;0,0289403222892061
OtherServices;CAMPO GRANDE;0,04480080853062981
OtherServices;CAMPOS DOS GOYTACAZES;0,038584665448129406
OtherServices;CARAGUATATUBA - UBATUBA - SAO SEBASTIAO;0,07043263077054357
OtherServices;CARUARU;0,02572561621824895
OtherServices;CASCAVEL;0,023983469021352517
OtherServices;CASTANHAL;0,015217315776673731
OtherServices;CATALAO;0,014932583776186921
OtherServices;CATANDUVA;0,04287107748673662
OtherServices;CAXIAS;0,02317185794643607
OtherServices;CAXIAS DO SUL;0,018102051904396795
OtherServices;CHAPECO;0,024680463434768995
OtherServices;CODO;0,03807971551340939
OtherServices;COLATINA;0,036823718251345484
OtherServices;CONSELHEIRO LAFAIETE;0,019509805922328118
OtherServices;CRICIUMA;0,03708908270022302
OtherServices;CUIABA;0,035429795716561636
OtherServices;CURITIBA;0,03362331418495405
OtherServices;DIVINOPOLIS;0,029403737331465275
OtherServices;DOURADOS;0,06584879941281326
OtherServices;EUNAPOLIS;0,012426187419768935
OtherServices;FEIRA DE SANTANA;0,02305012319063751
OtherServices;FLORIANOPOLIS;0,03652361221069515
OtherServices;FORMOSA;0,02895073576455534
OtherServices;FORTALEZA;0,04705647557022685
OtherServices;FRANCA;0,022217664752529395
OtherServices;GARANHUNS;0,02655251566474347
OtherServices;GOIANIA;0,032934187346676934
OtherServices;GOVERNADOR VALADARES;0,03398167196558818
OtherServices;GUARAPARI;0,03353582007128872
OtherServices;GUARAPUAVA;0,03639162223077346
OtherServices;GUARATINGUETA;0,07141316073354909
OtherServices;ILHEUS;0,06933039047031711
OtherServices;IMPERATRIZ;0,02602778167531921
OtherServices;INDAIATUBA;0,017835564792885106
OtherServices;INTERNACIONAL DE CORUMBA;0,02101914446401182
OtherServices;INTERNACIONAL DE FOZ DO IGUACU;0,03649025069637883
OtherServices;INTERNACIONAL DE PEDRO JUAN CABALLERO;0,03067669172932331
OtherServices;INTERNACIONAL DE SANT'ANA DO LIVRAMENTO;0,027231988969320924
OtherServices;INTERNACIONAL DE URUGUAIANA;0,02056616319939204
OtherServices;IPATINGA;0,024320324063254652
OtherServices;ITABIRA;0,025919091554293824
OtherServices;ITABUNA;0,02697594946539985
OtherServices;ITAJAI - BALNEARIO CAMBORIU;0,03776796489686011
OtherServices;ITAJUBA;0,03074643452491202
OtherServices;ITAPETININGA;0,024925550923168553
OtherServices;ITAPIPOCA;0,016035844829619148
OtherServices;ITATIBA;0,024129283923098356
OtherServices;ITU - SALTO;0,02461280018325973
OtherServices;JARAGUA DO SUL;0,019822251707138527
OtherServices;JAU;0,03743342252006702
OtherServices;JEQUIE;0,014631273781482152
OtherServices;JI-PARANA;0,02814208864980216
OtherServices;JOAO PESSOA;0,020390497258824664
OtherServices;JOINVILLE;0,020964140286352292
OtherServices;JUAZEIRO DO NORTE;0,02680151706700379
OtherServices;JUIZ DE FORA;0,051781939313702466
OtherServices;JUNDIAI;0,03053673450354998
OtherServices;LAGES;0,038390354819946064
OtherServices;LAJEADO;0,03498340203553059
OtherServices;LAVRAS;0,025636282923941996
OtherServices;LIMEIRA;0,02561487421162458
OtherServices;LINHARES;0,013340038643762738
OtherServices;LONDRINA;0,04759642586444333
OtherServices;MACAE - RIO DAS OSTRAS;0,022021685424101017
OtherServices;MACAPA;0,037606221352423135
OtherServices;MACEIO;0,04907246221213353
OtherServices;MANAUS;0,02287533914964826
OtherServices;MARABA;0,017726673853156065
OtherServices;MARILIA;0,025809691187547074
OtherServices;MARINGA;0,03517880537629191
OtherServices;MOGI GUACU - MOGI MIRIM;0,026884376014338334
OtherServices;MONTES CLAROS;0,06383125960167745
OtherServices;MOSSORO;0,02001362183685231
OtherServices;MURIAE;0,020647022460333814
OtherServices;NATAL;0,02390537387053606
OtherServices;NOVA FRIBURGO;0,028213353523680488
OtherServices;OURINHOS;0,017604444277617207
OtherServices;PALMAS;0,01380397994081477
OtherServices;PARANAGUA;0,16484111699566684
OtherServices;PARAUAPEBAS;0,011990533789113857
OtherServices;PARINTINS;0,028347851764358483
OtherServices;PARNAIBA;0,024739156112605815
OtherServices;PASSO FUNDO;0,028666704560525967
OtherServices;PASSOS;0,033212467211850026
OtherServices;PATOS;0,029003651538862807
OtherServices;PATOS DE MINAS;0,02927854584209124
OtherServices;PAULO AFONSO;0,01911394280634168
OtherServices;PELOTAS;0,025777681096367196
OtherServices;PETROLINA;0,026334608870208897
OtherServices;PETROPOLIS;0,05433472054762553
OtherServices;PIRACICABA;0,029100082814464925
OtherServices;POCOS DE CALDAS;0,040781225247244667
OtherServices;PONTA GROSSA;0,04254577157802965
OtherServices;PORTO ALEGRE;0,033331573343882766
OtherServices;PORTO SEGURO;0,024237498804857063
OtherServices;PORTO VELHO;0,016812341272194935
OtherServices;POUSO ALEGRE;0,02323138557748681
OtherServices;PRESIDENTE PRUDENTE;0,034238988387867625
OtherServices;RECIFE;0,0317007539728797
OtherServices;RESENDE;0,019085495023781925
OtherServices;RIBEIRAO PRETO;0,031800533530545946
OtherServices;RIO BRANCO;0,01767930609241738
OtherServices;RIO CLARO;0,018485992798805653
OtherServices;RIO DE JANEIRO;0,04827404444729936
OtherServices;RIO GRANDE;0,04448403040871114
OtherServices;RIO VERDE;0,018386539029224477
OtherServices;RONDONOPOLIS;0,0284169670085944
OtherServices;SALVADOR;0,03642961028443422
OtherServices;SANTA CRUZ DO SUL;0,027726973443558414
OtherServices;SANTA MARIA;0,03875994972769166
OtherServices;SANTAREM;0,03425149700598802
OtherServices;SAO BENTO DO SUL - RIO NEGRINHO;0,011412306137107286
OtherServices;SAO CARLOS;0,026828942089073157
OtherServices;SAO JOAO DEL REI;0,03564736743488851
OtherServices;SAO JOSE DO RIO PRETO;0,04805990649515307
OtherServices;SAO JOSE DOS CAMPOS;0,022492796247058307
OtherServices;SAO LUIS;0,03268877688250634
OtherServices;SAO MATEUS;0,024262327222821293
OtherServices;SAO PAULO;0,03407856821824648
OtherServices;SAO ROQUE - MAIRINQUE;0,05584395755401175
OtherServices;SERTAOZINHO;0,020865500085778005
OtherServices;SETE LAGOAS;0,023742942129918246
OtherServices;SINOP;0,024308343674720782
OtherServices;SOBRAL;0,03880054311555014
OtherServices;SOROCABA;0,028384072274521714
OtherServices;TAQUARA - PAROBE - IGREJINHA;0,012386683338543295
OtherServices;TATUI;0,017114046300241444
OtherServices;TEIXEIRA DE FREITAS;0,01328165824769204
OtherServices;TEOFILO OTONI;0,023718112789011175
OtherServices;TERESINA;0,03346757287976521
OtherServices;TERESOPOLIS;0,03445197044334975
OtherServices;TOLEDO;0,06192231930905601
OtherServices;TRAMANDAI - OSORIO;0,02866837136113297
OtherServices;TRES LAGOAS;0,019756999471737983
OtherServices;TRES RIOS - PARAIBA DO SUL;0,015133740028155797
OtherServices;TUBARAO - LAGUNA;0,025721202340125076
OtherServices;UBA;0,01976270952610885
OtherServices;UBERABA;0,029440183955283212
OtherServices;UBERLANDIA;0,04307556360423065
OtherServices;UMUARAMA;0,04259150374834632
OtherServices;VARGINHA;0,08094839910446956
OtherServices;VITORIA;0,03848569734234304
OtherServices;VITORIA DA CONQUISTA;0,035522562585263005
OtherServices;VITORIA DE SANTO ANTAO;0,01590053201028155
OtherServices;VOLTA REDONDA - BARRA MANSA;0,03093873197859333
RealEstate;ACAILANDIA;0,0012470657276995305
RealEstate;ALAGOINHAS;0,00019215064610654753
RealEstate;AMERICANA - SANTA BARBARA D'OESTE;0,0035960338069401343
RealEstate;ANAPOLIS;0,002653779200701182
RealEstate;ANGRA DOS REIS;0,000510129718699898
RealEstate;APUCARANA;0,002246659571952229
RealEstate;ARACAJU;0,0012423785614522377
RealEstate;ARACATUBA;0,0024992997651520047
RealEstate;ARAGUAINA;0,0010403329065300896
RealEstate;ARAGUARI;0,001933581476289457
RealEstate;ARAPIRACA;0,0035223142353955107
RealEstate;ARAPONGAS;0,00305366142899496
RealEstate;ARARAQUARA;0,0026087824849589337
RealEstate;ARARAS;0,0019178919865469606
RealEstate;ARARUAMA;0,0037202380952380955
RealEstate;ATIBAIA;0,0016376244210741793
RealEstate;BAGE;0,0020138917430438537
RealEstate;BAIXADA SANTISTA;0,005396736072031514
RealEstate;BARBACENA;0,0006545454545454545
RealEstate;BARREIRAS;0,0016189088554314393
RealEstate;BARRETOS;0,001449025357943764
RealEstate;BAURU;0,0037772767876132545
RealEstate;BELEM;0,0010042525491741148
RealEstate;BELO HORIZONTE;0,0023652424426774967
RealEstate;BENTO GONCALVES;0,001129270052385583
RealEstate;BIRIGUI;0,001309230072007654
RealEstate;BLUMENAU;0,002625544599862417
RealEstate;BOA VISTA;0,0004570775603485216
RealEstate;BOTUCATU;0,0006119299739264619
RealEstate;BRAGANCA PAULISTA;0,0009818614025114982
RealEstate;BRASILIA;0,0025913382152653068
RealEstate;BRUSQUE;0,0015609719401188595
RealEstate;CABO FRIO;0,0038489493854896263
RealEstate;CACHOEIRO DE ITAPEMIRIM;0,0012085944494180842
RealEstate;CAMPINA GRANDE;0,0008538311285776109
RealEstate;CAMPINAS;0,002299719105737799
RealEstate;CAMPO GRANDE;0,001464672185835712
RealEstate;CAMPOS DOS GOYTACAZES;0,0025145537723589265
RealEstate;CARAGUATATUBA - UBATUBA - SAO SEBASTIAO;0,0027476747162727194
RealEstate;CARUARU;0,0038460223582099757
RealEstate;CASCAVEL;0,001287248337304231
RealEstate;CASTANHAL;0,0003474273008372998
RealEstate;CATALAO;0,000966226009047389
RealEstate;CATANDUVA;0,0018081031570432754
RealEstate;CAXIAS;0,00016791201410460918
RealEstate;CAXIAS DO SUL;0,002625178354718974
RealEstate;CHAPECO;0,004483475191437274
RealEstate;COLATINA;0,0002203128442388191
RealEstate;CONSELHEIRO LAFAIETE;0,0009591640986918634
RealEstate;CRICIUMA;0,003055248318253522
RealEstate;CUIABA;0,0014165639886674882
RealEstate;CURITIBA;0,003378517998098938
RealEstate;DIVINOPOLIS;0,0040757655706981566
RealEstate;DOURADOS;0,0035021495229107685
RealEstate;EUNAPOLIS;0,0006161745827984596
RealEstate;FEIRA DE SANTANA;0,001491761626116415
RealEstate;FLORIANOPOLIS;0,002570456204567186
RealEstate;FORMOSA;0,0003198976327575176
RealEstate;FORTALEZA;0,002627757654448148
RealEstate;FRANCA;0,0020280740133078114
RealEstate;GARANHUNS;0,0006824244680191079
RealEstate;GOIANIA;0,0022902911941661153
RealEstate;GOVERNADOR VALADARES;0,004825135590050496
RealEstate;GUARAPARI;0,001907726291480496
RealEstate;GUARAPUAVA;0,0026936397119454677
RealEstate;GUARATINGUETA;0,0008090614886731392
RealEstate;ILHEUS;0,0009412833912168522
RealEstate;IMPERATRIZ;0,0010757214349188533
RealEstate;INDAIATUBA;0,0021106223919313
RealEstate;INTERNACIONAL DE CORUMBA;0,0005112764869624496
RealEstate;INTERNACIONAL DE FOZ DO IGUACU;0,00456824512534819
RealEstate;INTERNACIONAL DE PEDRO JUAN CABALLERO;0,0005012531328320802
RealEstate;INTERNACIONAL DE SANT'ANA DO LIVRAMENTO;0,0030162013098931403
RealEstate;INTERNACIONAL DE URUGUAIANA;0,0011874228175168613
RealEstate;IPATINGA;0,0014255667211965411
RealEstate;ITABIRA;0,001163946061036196
RealEstate;ITABUNA;0,0030030807466280064
RealEstate;ITAJAI - BALNEARIO CAMBORIU;0,0022950979776629066
RealEstate;ITAJUBA;0,0006297462493054269
RealEstate;ITAPETININGA;0,0012507444907683145
RealEstate;ITATIBA;0,0020897185845639454
RealEstate;ITU - SALTO;0,0016162490296142637
RealEstate;JARAGUA DO SUL;0,002482070756173722
RealEstate;JAU;0,0017253882123477783
RealEstate;JEQUIE;9,05961224859576e-05
RealEstate;JI-PARANA;0,0019117058640465922
RealEstate;JOAO PESSOA;0,0028078819262380276
RealEstate;JOINVILLE;0,0023065808485485356
RealEstate;JUAZEIRO DO NORTE;0,0004740834386852086
RealEstate;JUIZ DE FORA;0,0032172421401778025
RealEstate;JUNDIAI;0,0011029068895187352
RealEstate;LAGES;0,0008989477023954312
RealEstate;LAJEADO;0,004468682741764856
RealEstate;LAVRAS;0,001479727730097662
RealEstate;LIMEIRA;0,0023680570209373753
RealEstate;LINHARES;0,0004764299515629549
RealEstate;LONDRINA;0,0024873762983997523
RealEstate;MACAE - RIO DAS OSTRAS;0,002038155366456217
RealEstate;MACAPA;0,0007313179172889736
RealEstate;MACEIO;0,003880397855811778
RealEstate;MANAUS;0,0008488895387564784
RealEstate;MARABA;0,0017726673853156066
RealEstate;MARILIA;0,005205456523558457
RealEstate;MARINGA;0,0027172594497549612
RealEstate;MOGI GUACU - MOGI MIRIM;0,0020886549344472827
RealEstate;MONTES CLAROS;0,002297482457475814
RealEstate;MOSSORO;0,0017463893400394685
RealEstate;MURIAE;0,0060993200082423244
RealEstate;NATAL;0,0049298266957166085
RealEstate;NOVA FRIBURGO;0,0022913387395644465
RealEstate;OURINHOS;0,0006756503134266731
RealEstate;PALMAS;0,002471957896975174
RealEstate;PARANAGUA;0,0008726528647087145
RealEstate;PARAUAPEBAS;0,006941887983171181
RealEstate;PARNAIBA;0,0010499376599514404
RealEstate;PASSO FUNDO;0,002273631558006025
RealEstate;PASSOS;0,0011958031168029625
RealEstate;PATOS;0,0018779342723004694
RealEstate;PATOS DE MINAS;0,00236833535628645
RealEstate;PAULO AFONSO;0,0012594458438287153
RealEstate;PELOTAS;0,003942788775288231
RealEstate;PETROLINA;0,0016310143654726804
RealEstate;PETROPOLIS;0,0031244733123306496
RealEstate;PIRACICABA;0,001901665490905745
RealEstate;POCOS DE CALDAS;0,0020367981533030077
RealEstate;PONTA GROSSA;0,0030921243824469633
RealEstate;PORTO ALEGRE;0,0031987151551640847
RealEstate;PORTO SEGURO;0,004111291710488575
RealEstate;PORTO VELHO;0,0014342792746644812
RealEstate;POUSO ALEGRE;0,0010504201680672268
RealEstate;PRESIDENTE PRUDENTE;0,001655320049286221
RealEstate;RECIFE;0,0018190563045435266
RealEstate;RESENDE;0,0013589671849394461
RealEstate;RIBEIRAO PRETO;0,0030154160393720893
RealEstate;RIO BRANCO;0,0009533975149486512
RealEstate;RIO CLARO;0,0010391967448259711
RealEstate;RIO DE JANEIRO;0,003201392024575809
RealEstate;RIO GRANDE;0,003964171914594676
RealEstate;RIO VERDE;0,001412727196052798
RealEstate;RONDONOPOLIS;0,001594122539506515
RealEstate;SALVADOR;0,003093614578902496
RealEstate;SANTA CRUZ DO SUL;0,0038773867876216255
RealEstate;SANTA MARIA;0,004139086719731881
RealEstate;SANTAREM;0,0016467065868263472
RealEstate;SAO BENTO DO SUL - RIO NEGRINHO;0,0007980633662312788
RealEstate;SAO CARLOS;0,0033168383041326734
RealEstate;SAO JOAO DEL REI;0,0010773842982949222
RealEstate;SAO JOSE DO RIO PRETO;0,0043120526162867484
RealEstate;SAO JOSE DOS CAMPOS;0,002200607367633467
RealEstate;SAO LUIS;0,00199681912268597
RealEstate;SAO MATEUS;0,00019605920988138416
RealEstate;SAO PAULO;0,0035299790212156732
RealEstate;SAO ROQUE - MAIRINQUE;0,0006107336437896023
RealEstate;SERTAOZINHO;0,0009435580717104135
RealEstate;SETE LAGOAS;0,0014961793990346081
RealEstate;SINOP;0,003978392583400248
RealEstate;SOBRAL;0,001012588313810324
RealEstate;SOROCABA;0,0023297525053143035
RealEstate;TAQUARA - PAROBE - IGREJINHA;0,0013285401688027509
RealEstate;TATUI;0,0014912654452492544
RealEstate;TEIXEIRA DE FREITAS;0,0016547639784009755
RealEstate;TEOFILO OTONI;0,0005545601911099735
RealEstate;TERESINA;0,0018616601854736655
RealEstate;TERESOPOLIS;0,004956896551724138
RealEstate;TOLEDO;0,002272842062730441
RealEstate;TRAMANDAI - OSORIO;0,0052124311565696305
RealEstate;TRES LAGOAS;0,001655220989610847
RealEstate;TRES RIOS - PARAIBA DO SUL;0,0017597372125762551
RealEstate;TUBARAO - LAGUNA;0,003368973169255598
RealEstate;UBA;0,0003793888390701524
RealEstate;UBERABA;0,0010518719651659144
RealEstate;UBERLANDIA;0,0031637111422633626
RealEstate;UMUARAMA;0,002204909598706453
RealEstate;VARGINHA;0,0022388260998570386
RealEstate;VITORIA;0,002588601569937109
RealEstate;VITORIA DA CONQUISTA;0,010807363180553833
RealEstate;VITORIA DE SANTO ANTAO;0,000537987925159902
RealEstate;VOLTA REDONDA - BARRA MANSA;0,0019806882891804903
Trade;ABAETETUBA;0,30376467001981405
Trade;ACAILANDIA;0,235768779342723
Trade;ALAGOINHAS;0,29139645482057935
Trade;AMERICANA - SANTA BARBARA D'OESTE;0,23715526280603233
Trade;ANAPOLIS;0,24926047208053856
Trade;ANGRA DOS REIS;0,22742068697468784
Trade;APUCARANA;0,2348054865791652
Trade;ARACAJU;0,19534226738044083
Trade;ARACATUBA;0,3360480899747915
Trade;ARAGUAINA;0,37379961587708066
Trade;ARAGUARI;0,2650940203992846
Trade;ARAPIRACA;0,4355678794918874
Trade;ARAPONGAS;0,22520011858879335
Trade;ARARAQUARA;0,25081758494145845
Trade;ARARAS;0,2164160435834005
Trade;ARARUAMA;0,3086309523809524
Trade;ATIBAIA;0,29257183797753383
Trade;BACABAL;0,480912245909767
Trade;BAGE;0,2508733714191772
Trade;BAIXADA SANTISTA;0,264144625773776
Trade;BARBACENA;0,29047272727272727
Trade;BARREIRAS;0,3623118018455561
Trade;BARRETOS;0,2488183543212006
Trade;BAURU;0,2671572589221149
Trade;BELEM;0,22282843769137542
Trade;BELO HORIZONTE;0,19140724467367645
Trade;BENTO GONCALVES;0,16639480535775902
Trade;BIRIGUI;0,17218893197039126
Trade;BLUMENAU;0,21832148589772987
Trade;BOA VISTA;0,20862733895157834
Trade;BOTUCATU;0,22691959772255627
Trade;BRAGANCA;0,2603415559772296
Trade;BRAGANCA PAULISTA;0,2780218076585189
Trade;BRASILIA;0,19127605758452842
Trade;BRUSQUE;0,2081734747611525
Trade;CABO FRIO;0,3728690366063169
Trade;CACHOEIRO DE ITAPEMIRIM;0,2773724261414503
Trade;CAMETA;0,11760154738878142
Trade;CAMPINA GRANDE;0,23890896756611343
Trade;CAMPINAS;0,2563792565336662
Trade;CAMPO GRANDE;0,21366448347605005
Trade;CAMPOS DOS GOYTACAZES;0,28350008980549185
Trade;CARAGUATATUBA - UBATUBA - SAO SEBASTIAO;0,41428449526410105
Trade;CARUARU;0,35549211992752383
Trade;CASCAVEL;0,30705389505538555
Trade;CASTANHAL;0,3381509919049439
Trade;CATALAO;0,3225438095656375
Trade;CATANDUVA;0,2898436942402398
Trade;CAXIAS;0,31508689446729915
Trade;CAXIAS DO SUL;0,18974403241612883
Trade;CHAPECO;0,2756981411369524
Trade;CODO;0,31026818787968585
Trade;COLATINA;0,2696943946117773
Trade;CONSELHEIRO LAFAIETE;0,2536274769902655
Trade;CRICIUMA;0,225870791100796
Trade;CUIABA;0,26091068191271455
Trade;CURITIBA;0,21758206940254302
Trade;DIVINOPOLIS;0,2932913626521589
Trade;DOURADOS;0,30223340673167665
Trade;EUNAPOLIS;0,34413350449293967
Trade;FEIRA DE SANTANA;0,352431090237142
Trade;FLORIANOPOLIS;0,2386488654006313
Trade;FORMOSA;0,37004158669225845
Trade;FORTALEZA;0,20147021377628618
Trade;FRANCA;0,2683210281651627
Trade;GARANHUNS;0,38978844841491406
Trade;GOIANIA;0,20722348984370872
Trade;GOVERNADOR VALADARES;0,37310641481204415
Trade;GUARAPARI;0,39404588583764244
Trade;GUARAPUAVA;0,314193832114782
Trade;GUARATINGUETA;0,34859762675296657
Trade;ILHEUS;0,26196890519004185
Trade;IMPERATRIZ;0,4084701370375567
Trade;INDAIATUBA;0,22793110670726796
Trade;INTERNACIONAL DE CORUMBA;0,2239959097881043
Trade;INTERNACIONAL DE FOZ DO IGUACU;0,4120891364902507
Trade;INTERNACIONAL DE PEDRO JUAN CABALLERO;0,3188972431077694
Trade;INTERNACIONAL DE SANT'ANA DO LIVRAMENTO;0,4243364357118235
Trade;INTERNACIONAL DE URUGUAIANA;0,32630379025363354
Trade;IPATINGA;0,22890862351016594
Trade;ITABIRA;0,16752306600425834
Trade;ITABUNA;0,29528568100033653
Trade;ITAJAI - BALNEARIO CAMBORIU;0,3370445555950861
Trade;ITAJUBA;0,21818855343582144
Trade;ITAPETININGA;0,26488981536628947
Trade;ITAPIPOCA;0,1944346185591322
Trade;ITATIBA;0,17355809417665088
Trade;ITU - SALTO;0,2688954783206282
Trade;JARAGUA DO SUL;0,16195225731181442
Trade;JAU;0,26283413768097824
Trade;JEQUIE;0,3102464214531618
Trade;JI-PARANA;0,4123060507713511
Trade;JOAO PESSOA;0,15622992984949133
Trade;JOINVILLE;0,22026008143964274
Trade;JUAZEIRO DO NORTE;0,2651548672566372
Trade;JUIZ DE FORA;0,27246909098673955
Trade;JUNDIAI;0,24027961933493092
Trade;LAGES;0,3010152821109407
Trade;LAJEADO;0,21101302301827599
Trade;LAVRAS;0,26672092335010356
Trade;LIMEIRA;0,23929098966026588
Trade;LINHARES;0,2612953601016384
Trade;LONDRINA;0,28627245844587024
Trade;MACAE - RIO DAS OSTRAS;0,2115289596486412
Trade;MACAPA;0,23032394293660197
Trade;MACEIO;0,21710672627857575
Trade;MANAUS;0,17794999268898962
Trade;MARABA;0,3012097257156546
Trade;MARILIA;0,2838396518537116
Trade;MARINGA;0,2977946528215828
Trade;MOGI GUACU - MOGI MIRIM;0,21233717664657983
Trade;MONTES CLAROS;0,32564737796354476
Trade;MOSSORO;0,28825902446691465
Trade;MURIAE;0,31901916340407993
Trade;NATAL;0,22341819750273725
Trade;NOVA FRIBURGO;0,25168861702763556
Trade;OURINHOS;0,27780488720393376
Trade;PALMAS;0,1387929048606312
Trade;PARANAGUA;0,2569812229176697
Trade;PARAUAPEBAS;0,20360241914278202
Trade;PARINTINS;0,1715635611988779
Trade;PARNAIBA;0,38342410919351666
Trade;PASSO FUNDO;0,33028287765967523
Trade;PASSOS;0,27345317080697423
Trade;PATOS;0,34919144496609283
Trade;PATOS DE MINAS;0,32511323603422243
Trade;PAULO AFONSO;0,28033782782634464
Trade;PELOTAS;0,2820725473134653
Trade;PETROLINA;0,28239131798506995
Trade;PETROPOLIS;0,27921901131811283
Trade;PIRACICABA;0,25785203815599794
Trade;POCOS DE CALDAS;0,30246452576549665
Trade;PONTA GROSSA;0,2727927927927928
Trade;PORTO ALEGRE;0,2092301727337706
Trade;PORTO SEGURO;0,5105172578640406
Trade;PORTO VELHO;0,15703201246636722
Trade;POUSO ALEGRE;0,2644127418409224
Trade;PRESIDENTE PRUDENTE;0,31461037748764736
Trade;RECIFE;0,20195541205984374
Trade;RESENDE;0,22896598585075342
Trade;RIBEIRAO PRETO;0,3193083471998451
Trade;RIO BRANCO;0,17336290247365202
Trade;RIO CLARO;0,1979596616024121
Trade;RIO DE JANEIRO;0,23556602638826174
Trade;RIO GRANDE;0,2757859347166119
Trade;RIO VERDE;0,25095938936448364
Trade;RONDONOPOLIS;0,3541262360225487
Trade;SALVADOR;0,19623602486779465
Trade;SANTA CRUZ DO SUL;0,2666374033701563
Trade;SANTA MARIA;0,30344365312107247
Trade;SANTAREM;0,2968862275449102
Trade;SAO BENTO DO SUL - RIO NEGRINHO;0,1620334654571573
Trade;SAO CARLOS;0,2499799384779992
Trade;SAO JOAO DEL REI;0,3406408094435076
Trade;SAO JOSE DO RIO PRETO;0,304372804352994
Trade;SAO JOSE DOS CAMPOS;0,22465871168677848
Trade;SAO LUIS;0,18489141747845309
Trade;SAO MATEUS;0,30408783452602683
Trade;SAO PAULO;0,21795519361256008
Trade;SAO ROQUE - MAIRINQUE;0,2678830445072143
Trade;SERTAOZINHO;0,20209298335906672
Trade;SETE LAGOAS;0,27100439947989957
Trade;SINOP;0,3756478575078473
Trade;SOBRAL;0,17345177548155477
Trade;SOROCABA;0,25300353021560884
Trade;TAQUARA - PAROBE - IGREJINHA;0,1271491090965927
Trade;TATUI;0,2393836102826303
Trade;TEIXEIRA DE FREITAS;0,3513760668873019
Trade;TEOFILO OTONI;0,34493643887040354
Trade;TERESINA;0,20266325105872307
Trade;TERESOPOLIS;0,3053571428571429
Trade;TOLEDO;0,21357139249457044
Trade;TRAMANDAI - OSORIO;0,4252557041699449
Trade;TRES LAGOAS;0,1929212889593238
Trade;TRES RIOS - PARAIBA DO SUL;0,2651630689816987
Trade;TUBARAO - LAGUNA;0,33171272947347186
Trade;UBA;0,21735531489273643
Trade;UBERABA;0,26942599591482286
Trade;UBERLANDIA;0,2766338113446318
Trade;UMUARAMA;0,33459503160370424
Trade;VARGINHA;0,2664472796914196
Trade;VITORIA;0,2354964184834345
Trade;VITORIA DA CONQUISTA;0,31325407933667593
Trade;VITORIA DE SANTO ANTAO;0,2290633032458605
Trade;VOLTA REDONDA - BARRA MANSA;0,2735730474032034
Transport;ABAETETUBA;0,010059442158207591
Transport;ACAILANDIA;0,05699823943661972
Transport;ALAGOINHAS;0,0889657491473315
Transport;AMERICANA - SANTA BARBARA D'OESTE;0,03656554141068677
Transport;ANAPOLIS;0,053757288762827614
Transport;ANGRA DOS REIS;0,038526939707525625
Transport;APUCARANA;0,02941350360647984
Transport;ARACAJU;0,03786089316731357
Transport;ARACATUBA;0,03910542304957663
Transport;ARAGUAINA;0,04413412291933419
Transport;ARAGUARI;0,049499685793010104
Transport;ARAPIRACA;0,01877318544609735
Transport;ARAPONGAS;0,02546694337385117
Transport;ARARAQUARA;0,048892827720498286
Transport;ARARAS;0,050421102370959224
Transport;ARARUAMA;0,026537698412698412
Transport;ATIBAIA;0,046646708119034826
Transport;BACABAL;0,009419930589985127
Transport;BAGE;0,03620895154329867
Transport;BAIXADA SANTISTA;0,12124366910523353
Transport;BARBACENA;0,042581818181818186
Transport;BARREIRAS;0,04783875667799903
Transport;BARRETOS;0,03377609108159393
Transport;BAURU;0,05627631970734612
Transport;BELEM;0,05147811414647099
Transport;BELO HORIZONTE;0,053021916847877625
Transport;BENTO GONCALVES;0,05836130367953825
Transport;BIRIGUI;0,01777531597764238
Transport;BLUMENAU;0,037795230451731256
Transport;BOA VISTA;0,018083130981288387
Transport;BOTUCATU;0,028760708774543713
Transport;BRAGANCA;0,01157495256166983
Transport;BRAGANCA PAULISTA;0,026355227120045475
Transport;BRASILIA;0,039419333621451114
Transport;BRUSQUE;0,027269991724968027
Transport;CABO FRIO;0,03371547508920312
Transport;CACHOEIRO DE ITAPEMIRIM;0,06900179051029544
Transport;CAMETA;0,003481624758220503
Transport;CAMPINA GRANDE;0,025427792788051042
Transport;CAMPINAS;0,08011564301788854
Transport;CAMPO GRANDE;0,04161485043367719
Transport;CAMPOS DOS GOYTACAZES;0,03713721222622531
Transport;CARAGUATATUBA - UBATUBA - SAO SEBASTIAO;0,038603976448502435
Transport;CARUARU;0,028358004854534886
Transport;CASCAVEL;0,05937150664513725
Transport;CASTANHAL;0,03331827815029705
Transport;CATALAO;0,05147349466379727
Transport;CATANDUVA;0,02945304879499441
Transport;CAXIAS;0,011753840987322644
Transport;CAXIAS DO SUL;0,0498073007377919
Transport;CHAPECO;0,07888069686014404
Transport;CODO;0,019706623203437548
Transport;COLATINA;0,044629087590092216
Transport;CONSELHEIRO LAFAIETE;0,06301912205873349
Transport;CRICIUMA;0,04512157531141774
Transport;CUIABA;0,04685648362514813
Transport;CURITIBA;0,05417079941039523
Transport;DIVINOPOLIS;0,05162029876817264
Transport;DOURADOS;0,03319702212435777
Transport;EUNAPOLIS;0,0767650834403081
Transport;FEIRA DE SANTANA;0,05615760702186634
Transport;FLORIANOPOLIS;0,03673696007567423
Transport;FORMOSA;0,03390914907229686
Transport;FORTALEZA;0,036267872995919
Transport;FRANCA;0,02492935921976119
Transport;GARANHUNS;0,028351634716793847
Transport;GOIANIA;0,03758334988305656
Transport;GOVERNADOR VALADARES;0,04578268187768842
Transport;GUARAPARI;0,039058185651890155
Transport;GUARAPUAVA;0,04881534824913419
Transport;GUARATINGUETA;0,03770226537216828
Transport;ILHEUS;0,05982018241422961
Transport;IMPERATRIZ;0,04489967728356952
Transport;INDAIATUBA;0,03212657289703063
Transport;INTERNACIONAL DE CORUMBA;0,07595296256319946
Transport;INTERNACIONAL DE FOZ DO IGUACU;0,0681151346332405
Transport;INTERNACIONAL DE PEDRO JUAN CABALLERO;0,026165413533834586
Transport;INTERNACIONAL DE SANT'ANA DO LIVRAMENTO;0,042140641158221304
Transport;INTERNACIONAL DE URUGUAIANA;0,12862163959342643
Transport;IPATINGA;0,04235413258549505
Transport;ITABIRA;0,020127750177430802
Transport;ITABUNA;0,06516167447640252
Transport;ITAJAI - BALNEARIO CAMBORIU;0,08395593969961423
Transport;ITAJUBA;0,026671605852935727
Transport;ITAPETININGA;0,02364502680166766
Transport;ITAPIPOCA;0,0025940337224383916
Transport;ITATIBA;0,029757592644190582
Transport;ITU - SALTO;0,045267699199511305
Transport;JARAGUA DO SUL;0,0268109394123097
Transport;JAU;0,031157010327323646
Transport;JEQUIE;0,04108534154738177
Transport;JI-PARANA;0,048770728671142134
Transport;JOAO PESSOA;0,02447976618565529
Transport;JOINVILLE;0,04800210166819913
Transport;JUAZEIRO DO NORTE;0,02266118836915297
Transport;JUIZ DE FORA;0,08479426021225257
Transport;JUNDIAI;0,06715567611841652
Transport;LAGES;0,05922478980487547
Transport;LAJEADO;0,05730857622295991
Transport;LAVRAS;0,07010210121337675
Transport;LIMEIRA;0,06050268457949403
Transport;LINHARES;0,035017601439877186
Transport;LONDRINA;0,05506923019439966
Transport;MACAE - RIO DAS OSTRAS;0,08724265715069997
Transport;MACAPA;0,030282741927177215
Transport;MACEIO;0,0345784860313346
Transport;MANAUS;0,06253350879758249
Transport;MARABA;0,043406395975565934
Transport;MARILIA;0,04266465813038748
Transport;MARINGA;0,059433985152118
Transport;MOGI GUACU - MOGI MIRIM;0,06095203149917442
Transport;MONTES CLAROS;0,04446874178234814
Transport;MOSSORO;0,034019664343968845
Transport;MURIAE;0,05567690088604987
Transport;NATAL;0,02980291752839558
Transport;NOVA FRIBURGO;0,05353762776704059
Transport;OURINHOS;0,0387748207649863
Transport;PALMAS;0,015584852834334521
Transport;PARANAGUA;0,16625541646605682
Transport;PARAUAPEBAS;0,029818564291348933
Transport;PARINTINS;0,006348737634726118
Transport;PARNAIBA;0,022245554170221143
Transport;PASSO FUNDO;0,06368063055381876
Transport;PASSOS;0,03583551920999846
Transport;PATOS;0,02201356285863328
Transport;PATOS DE MINAS;0,050238313745226325
Transport;PAULO AFONSO;0,03400503778337532
Transport;PELOTAS;0,05711605394822711
Transport;PETROLINA;0,03357380340003764
Transport;PETROPOLIS;0,05100281332244305
Transport;PIRACICABA;0,05979511087936693
Transport;POCOS DE CALDAS;0,07056374046665309
Transport;PONTA GROSSA;0,08148793955245569
Transport;PORTO ALEGRE;0,05248761374588537
Transport;PORTO SEGURO;0,04345539726551296
Transport;PORTO VELHO;0,027278266355366957
Transport;POUSO ALEGRE;0,06143736564393199
Transport;PRESIDENTE PRUDENTE;0,04384731228297261
Transport;RECIFE;0,04429309042678764
Transport;RESENDE;0,07364403053679204
Transport;RIBEIRAO PRETO;0,05276317758819542
Transport;RIO BRANCO;0,022467019700094303
Transport;RIO CLARO;0,03820145780275753
Transport;RIO DE JANEIRO;0,06679249299233013
Transport;RIO GRANDE;0,11333015530521615
Transport;RIO VERDE;0,04767427149664741
Transport;RONDONOPOLIS;0,1121430551705018
Transport;SALVADOR;0,05330007225554315
Transport;SANTA CRUZ DO SUL;0,052795864120759865
Transport;SANTA MARIA;0,05550062840385421
Transport;SANTAREM;0,061347305389221556
Transport;SAO BENTO DO SUL - RIO NEGRINHO;0,049054294911015935
Transport;SAO CARLOS;0,05006018456600241
Transport;SAO JOAO DEL REI;0,030354131534569985
Transport;SAO JOSE DO RIO PRETO;0,04323938825642516
Transport;SAO JOSE DOS CAMPOS;0,03935462658281921
Transport;SAO LUIS;0,04995556127281871
Transport;SAO MATEUS;0,09209881384178022
Transport;SAO PAULO;0,05915843778675923
Transport;SAO ROQUE - MAIRINQUE;0,033208641881059625
Transport;SERTAOZINHO;0,03742065534396981
Transport;SETE LAGOAS;0,05519833282866965
Transport;SINOP;0,03062267318782393
Transport;SOBRAL;0,010471083699629485
Transport;SOROCABA;0,03831043121773459
Transport;TAQUARA - PAROBE - IGREJINHA;0,02049468583932479
Transport;TATUI;0,046335747763101835
Transport;TEIXEIRA DE FREITAS;0,050034837136387386
Transport;TEOFILO OTONI;0,05451753263373432
Transport;TERESINA;0,03188670028424936
Transport;TERESOPOLIS;0,035252463054187194
Transport;TOLEDO;0,04166877115005808
Transport;TRAMANDAI - OSORIO;0,04548583792289536
Transport;TRES LAGOAS;0,05532664201443916
Transport;TRES RIOS - PARAIBA DO SUL;0,05795401220084467
Transport;TUBARAO - LAGUNA;0,062053661488803716
Transport;UBA;0,03376560667724357
Transport;UBERABA;0,046331290744749815
Transport;UBERLANDIA;0,06351422851812862
Transport;UMUARAMA;0,044575922387182124
Transport;VARGINHA;0,061365414182828475
Transport;VITORIA;0,08542775324209179
Transport;VITORIA DA CONQUISTA;0,07717520330244672
Transport;VITORIA DE SANTO ANTAO;0,01285193376770877
Transport;VOLTA REDONDA - BARRA MANSA;0,07895137791151656
Utilities;ABAETETUBA;0,005029721079103796
Utilities;ACAILANDIA;0,0046214788732394365
Utilities;ALAGOINHAS;0,0007686025844261901
Utilities;AMERICANA - SANTA BARBARA D'OESTE;0,008634703485549011
Utilities;ANAPOLIS;0,0035911232303066456
Utilities;ANGRA DOS REIS;0,052203274546956224
Utilities;APUCARANA;0,0016258720586496394
Utilities;ARACAJU;0,01976727163380694
Utilities;ARACATUBA;0,01210867644840885
Utilities;ARAGUAINA;0,00420134443021767
Utilities;ARAGUARI;0,005994102576497317
Utilities;ARAPIRACA;0,005920485629707348
Utilities;ARAPONGAS;0,0015713015120071153
Utilities;ARARAQUARA;0,00786379409341688
Utilities;ARARAS;0,003530033076687884
Utilities;ARARUAMA;0,016170634920634922
Utilities;ATIBAIA;0,011335431539622834
Utilities;BAGE;0,03177016974230405
Utilities;BAIXADA SANTISTA;0,010410804727068092
Utilities;BARBACENA;7,272727272727273e-05
Utilities;BARREIRAS;0,0044519993524364575
Utilities;BARRETOS;0,008866655166465414
Utilities;BAURU;0,014011655110808626
Utilities;BELEM;0,010333737318367328
Utilities;BELO HORIZONTE;0,01389633206299216
Utilities;BENTO GONCALVES;0,005818877631042379
Utilities;BIRIGUI;0,0007553250415428773
Utilities;BLUMENAU;0,009722540701673929
Utilities;BOA VISTA;0,023653763748035996
Utilities;BOTUCATU;0,009152343957856648
Utilities;BRAGANCA;0,0060721062618595825
Utilities;BRAGANCA PAULISTA;0,013022582812257764
Utilities;BRASILIA;0,007146411470072196
Utilities;BRUSQUE;0,008613556006920936
Utilities;CABO FRIO;0,008061318884630634
Utilities;CACHOEIRO DE ITAPEMIRIM;0,009400179051029543
Utilities;CAMPINA GRANDE;0,014175935997754307
Utilities;CAMPINAS;0,019560753650804077
Utilities;CAMPO GRANDE;0,008681439721435931
Utilities;CAMPOS DOS GOYTACAZES;0,017527918942619573
Utilities;CARAGUATATUBA - UBATUBA - SAO SEBASTIAO;0,013772506186534687
Utilities;CARUARU;0,002222146251410208
Utilities;CASCAVEL;0,00547645125958379
Utilities;CASTANHAL;0,009519508042942014
Utilities;CATALAO;0,0025473231147612983
Utilities;CATANDUVA;0,003306925510908096
Utilities;CAXIAS;0,014776257241205609
Utilities;CAXIAS DO SUL;0,016263919284651592
Utilities;CHAPECO;0,005294770702268781
Utilities;CODO;0,001185360794191732
Utilities;COLATINA;0,015768104994806912
Utilities;CONSELHEIRO LAFAIETE;0,004285626823942368
Utilities;CRICIUMA;0,0060289024677703034
Utilities;CUIABA;0,012886415896908672
Utilities;CURITIBA;0,018549992423303165
Utilities;DIVINOPOLIS;0,003020433413999527
Utilities;DOURADOS;0,003586033343818811
Utilities;EUNAPOLIS;0,00251604621309371
Utilities;FEIRA DE SANTANA;0,010423082845703726
Utilities;FLORIANOPOLIS;0,01936324658900462
Utilities;FORMOSA;0,0067178502879078695
Utilities;FORTALEZA;0,0068418046306343095
Utilities;FRANCA;0,005252483820982591
Utilities;GARANHUNS;0,005087164216142441
Utilities;GOIANIA;0,010575630330141975
Utilities;GOVERNADOR VALADARES;0,017000187020759304
Utilities;GUARAPARI;0,007630905165921984
Utilities;GUARAPUAVA;0,0027760980704744104
Utilities;GUARATINGUETA;0,009519956850053937
Utilities;ILHEUS;9,737414391898471e-05
Utilities;IMPERATRIZ;0,0056592301576165755
Utilities;INDAIATUBA;0,011020348977717628
Utilities;INTERNACIONAL DE CORUMBA;0,0013065954666818156
Utilities;INTERNACIONAL DE FOZ DO IGUACU;0,03415041782729805
Utilities;INTERNACIONAL DE PEDRO JUAN CABALLERO;0,0014035087719298245
Utilities;INTERNACIONAL DE SANT'ANA DO LIVRAMENTO;0,022061358152361255
Utilities;INTERNACIONAL DE URUGUAIANA;0,008691935024223425
Utilities;IPATINGA;0,004385759912752201
Utilities;ITABIRA;0,02901348474095103
Utilities;ITABUNA;0,015921505682553655
Utilities;ITAJAI - BALNEARIO CAMBORIU;0,006899245896378768
Utilities;ITAJUBA;0,00022226338210779774
Utilities;ITAPETININGA;0,007712924359737939
Utilities;ITATIBA;0,005572582892170521
Utilities;ITU - SALTO;0,007813991371520928
Utilities;JARAGUA DO SUL;0,003122605144863715
Utilities;JAU;0,005651271536095621
Utilities;JEQUIE;0,0018572205109621308
Utilities;JI-PARANA;0,0036900369003690036
Utilities;JOAO PESSOA;0,016084044094605454
Utilities;JOINVILLE;0,005821620911598581
Utilities;JUAZEIRO DO NORTE;0,008106826801517067
Utilities;JUIZ DE FORA;0,007801100410696618
Utilities;JUNDIAI;0,0035803925861950118
Utilities;LAGES;0,00235312780921157
Utilities;LAJEADO;0,005672491153832123
Utilities;LAVRAS;0,005807931340633323
Utilities;LIMEIRA;0,007432416590466812
Utilities;LINHARES;0,007067044281517164
Utilities;LONDRINA;0,0021671132556873376
Utilities;MACAE - RIO DAS OSTRAS;0,0054625308811419165
Utilities;MACAPA;0,014955966421177318
Utilities;MACEIO;0,01451314810696401
Utilities;MANAUS;0,01133003525531673
Utilities;MARABA;0,004311893639956881
Utilities;MARILIA;0,007414846430663654
Utilities;MARINGA;0,0016376340433791063
Utilities;MOGI GUACU - MOGI MIRIM;0,013886732807406259
Utilities;MONTES CLAROS;0,0013009840421850996
Utilities;MOSSORO;0,004453292817100644
Utilities;MURIAE;0,01866886461982279
Utilities;NATAL;0,013509328791515058
Utilities;NOVA FRIBURGO;0,012472852617107334
Utilities;OURINHOS;0,014451409481626066
Utilities;PALMAS;0,019899704073857494
Utilities;PARANAGUA;0,00701131439576312
Utilities;PARAUAPEBAS;0,017696555351038652
Utilities;PARINTINS;0,017865052413996753
Utilities;PARNAIBA;0,017455213596692696
Utilities;PASSO FUNDO;0,005229352583413858
Utilities;PASSOS;0,002468754821786761
Utilities;PATOS DE MINAS;0,007371443796441576
Utilities;PAULO AFONSO;0,06934360646021633
Utilities;PELOTAS;0,007477702849684577
Utilities;PETROLINA;0,00749011981682454
Utilities;PETROPOLIS;0,02201392400140018
Utilities;PIRACICABA;0,006985553476673925
Utilities;POCOS DE CALDAS;0,015547559236879626
Utilities;PONTA GROSSA;0,0026271432723045628
Utilities;PORTO ALEGRE;0,012448116430394649
Utilities;PORTO SEGURO;0,0008605029161487714
Utilities;PORTO VELHO;0,012078141260332473
Utilities;POUSO ALEGRE;0,0017344146961110025
Utilities;PRESIDENTE PRUDENTE;0,010989831605411528
Utilities;RECIFE;0,01584841785202462
Utilities;RESENDE;0,006275230824573324
Utilities;RIBEIRAO PRETO;0,0029846015688967543
Utilities;RIO BRANCO;0,010601365845570329
Utilities;RIO CLARO;0,006952372588624455
Utilities;RIO DE JANEIRO;0,014647935043891221
Utilities;RIO GRANDE;0,01500363800587099
Utilities;RIO VERDE;0,004596634757306119
Utilities;RONDONOPOLIS;0,013284354495887626
Utilities;SALVADOR;0,011870155488727949
Utilities;SANTA CRUZ DO SUL;0,003389665179115761
Utilities;SANTA MARIA;0,012098868873062421
Utilities;SANTAREM;0,009730538922155689
Utilities;SAO BENTO DO SUL - RIO NEGRINHO;0,006490915378681067
Utilities;SAO CARLOS;0,010177878828407115
Utilities;SAO JOAO DEL REI;0,014708637811504591
Utilities;SAO JOSE DO RIO PRETO;0,0038498111413402362
Utilities;SAO JOSE DOS CAMPOS;0,007891119125349184
Utilities;SAO LUIS;0,012553940428716773
Utilities;SAO MATEUS;0,0015684736790510733
Utilities;SAO PAULO;0,008085404152742106
Utilities;SERTAOZINHO;0,007934465603019386
Utilities;SETE LAGOAS;0,013465614591311473
Utilities;SINOP;0,003503905394554347
Utilities;SOBRAL;0,009711642464271742
Utilities;SOROCABA;0,003553940176131187
Utilities;TAQUARA - PAROBE - IGREJINHA;0,0014262269459206002
Utilities;TATUI;0,006604175543246698
Utilities;TEIXEIRA DE FREITAS;0,0014370318759797944
Utilities;TEOFILO OTONI;0,008275744390410374
Utilities;TERESINA;0,01572025863229519
Utilities;TERESOPOLIS;0,0009852216748768472
Utilities;TOLEDO;0,0018435274508813576
Utilities;TRAMANDAI - OSORIO;0,019030291109362708
Utilities;TRES LAGOAS;0,003240007043493573
Utilities;TRES RIOS - PARAIBA DO SUL;0,001642421398404505
Utilities;TUBARAO - LAGUNA;0,011034900141214445
Utilities;UBA;0,0
Utilities;UBERABA;0,010800034246994215
Utilities;UBERLANDIA;0,011989374294301502
Utilities;UMUARAMA;0,0021681611053946787
Utilities;VARGINHA;0,0025894856094732014
Utilities;VITORIA;0,014130994553597905
Utilities;VITORIA DA CONQUISTA;0,007051361550590862
Utilities;VITORIA DE SANTO ANTAO;0,002510610317412876
Utilities;VOLTA REDONDA - BARRA MANSA;0,011769859256860991
